attack,score,label
badnets,27.8202,1
badnets,25.4082,1
badnets,30.1219,1
badnets,30.0853,1
badnets,28.5693,1
badnets,28.6039,1
badnets,32.1063,1
badnets,57.1168,1
badnets,24.8606,1
badnets,29.4122,1
badnets,30.841,1
badnets,32.8952,1
badnets,28.7632,1
badnets,32.5203,1
badnets,33.3773,1
badnets,25.537,1
badnets,27.9914,1
badnets,28.6006,1
badnets,26.2538,1
badnets,31.6341,1
badnets,32.6008,1
badnets,33.9436,1
badnets,31.979,1
badnets,32.1332,1
badnets,28.1255,1
badnets,36.0044,1
badnets,26.2005,1
badnets,29.0458,1
badnets,32.0781,1
badnets,32.6084,1
badnets,36.3034,1
badnets,29.1999,1
badnets,27.7368,1
badnets,34.1069,1
badnets,25.3424,1
badnets,30.307,1
badnets,34.0284,1
badnets,27.7133,1
badnets,33.0731,1
badnets,30.321,1
badnets,30.506,1
badnets,26.2115,1
badnets,30.0349,1
badnets,33.0436,1
badnets,31.5115,1
badnets,28.3918,1
badnets,30.7582,1
badnets,32.5062,1
badnets,33.6837,1
badnets,29.8086,1
badnets,30.4327,1
badnets,27.2771,1
badnets,26.943,1
badnets,30.3453,1
badnets,31.1326,1
badnets,29.6164,1
badnets,27.4222,1
badnets,31.855,1
badnets,30.7686,1
badnets,33.2006,1
badnets,29.4199,1
badnets,33.1179,1
badnets,29.0359,1
badnets,31.0151,1
badnets,28.8684,1
badnets,35.9939,1
badnets,32.1406,1
badnets,31.013,1
badnets,27.6062,1
badnets,32.2575,1
badnets,30.4751,1
badnets,28.5478,1
badnets,29.664,1
badnets,28.7921,1
badnets,29.6099,1
badnets,30.6725,1
badnets,29.0482,1
badnets,31.4835,1
badnets,27.2748,1
badnets,28.2004,1
badnets,29.9129,1
badnets,23.4208,1
badnets,31.497,1
badnets,25.6675,1
badnets,25.881,1
badnets,37.6609,1
badnets,29.81,1
badnets,25.0125,1
badnets,32.8694,1
badnets,27.7547,1
badnets,27.81,1
badnets,27.3408,1
badnets,28.0655,1
badnets,30.2099,1
badnets,26.714,1
badnets,31.9555,1
badnets,30.3694,1
badnets,32.6671,1
badnets,34.2951,1
badnets,29.2086,1
badnets,27.9383,1
badnets,32.1993,1
badnets,29.395,1
badnets,28.6521,1
badnets,31.6768,1
badnets,28.4847,1
badnets,32.5948,1
badnets,32.4074,1
badnets,37.4203,1
badnets,28.9395,1
badnets,31.7825,1
badnets,30.1241,1
badnets,29.5275,1
badnets,31.7591,1
badnets,26.9305,1
badnets,33.9656,1
badnets,32.8467,1
badnets,29.8647,1
badnets,29.0967,1
badnets,30.1584,1
badnets,32.0313,1
badnets,35.7232,1
badnets,27.7303,1
badnets,31.3708,1
badnets,27.7668,1
badnets,30.2781,1
badnets,27.6867,1
badnets,27.5045,1
badnets,33.2281,1
badnets,30.3989,1
badnets,29.0872,1
badnets,29.3905,1
badnets,28.5675,1
badnets,35.4701,1
badnets,27.2272,1
badnets,28.3762,1
badnets,27.5279,1
badnets,29.0277,1
badnets,30.531,1
badnets,27.1565,1
badnets,27.1638,1
badnets,41.4879,1
badnets,30.8212,1
badnets,28.3146,1
badnets,31.0921,1
badnets,33.2835,1
badnets,29.1716,1
badnets,27.2387,1
badnets,33.3207,1
badnets,34.5216,1
badnets,30.7898,1
badnets,29.5185,1
badnets,27.9327,1
badnets,31.2079,1
badnets,30.4687,1
badnets,34.3014,1
badnets,32.8559,1
badnets,26.4356,1
badnets,33.585,1
badnets,29.8528,1
badnets,34.5008,1
badnets,31.7479,1
badnets,30.7559,1
badnets,34.6699,1
badnets,32.9875,1
badnets,29.839,1
badnets,27.2021,1
badnets,31.3044,1
badnets,27.4696,1
badnets,37.4683,1
badnets,31.666,1
badnets,29.2415,1
badnets,29.4891,1
badnets,31.9851,1
badnets,29.5963,1
badnets,27.5593,1
badnets,31.4578,1
badnets,32.8793,1
badnets,35.7676,1
badnets,27.7904,1
badnets,27.0237,1
badnets,31.514,1
badnets,26.5032,1
badnets,30.8074,1
badnets,26.5125,1
badnets,33.4688,1
badnets,33.2745,1
badnets,32.0675,1
badnets,26.3888,1
badnets,30.6316,1
badnets,29.4323,1
badnets,28.4326,1
badnets,32.2312,1
badnets,26.3366,1
badnets,29.9812,1
badnets,34.4634,1
badnets,28.5249,1
badnets,26.9215,1
badnets,31.1443,1
badnets,34.3709,1
badnets,30.8934,1
badnets,32.6578,1
badnets,27.554,1
badnets,31.7613,1
badnets,26.4697,1
badnets,31.6954,1
badnets,26.6273,1
badnets,28.3495,1
badnets,28.674,1
badnets,26.3987,1
badnets,29.1492,1
badnets,34.6179,1
badnets,28.5979,1
badnets,26.5977,1
badnets,29.0778,1
badnets,27.4991,1
badnets,27.192,1
badnets,29.9831,1
badnets,33.9263,1
badnets,25.8277,1
badnets,29.8682,1
badnets,27.4452,1
badnets,28.3304,1
badnets,30.0272,1
badnets,42.9226,1
badnets,29.657,1
badnets,25.9021,1
badnets,28.1668,1
badnets,28.3603,1
badnets,31.3036,1
badnets,24.0276,1
badnets,29.3746,1
badnets,27.2636,1
badnets,32.632,1
badnets,26.2651,1
badnets,27.4085,1
badnets,30.0326,1
badnets,28.0422,1
badnets,29.4433,1
badnets,28.0009,1
badnets,27.9891,1
badnets,29.3864,1
badnets,30.5171,1
badnets,32.4753,1
badnets,29.5956,1
badnets,31.3507,1
badnets,27.9574,1
badnets,30.2493,1
badnets,26.9452,1
badnets,24.0178,1
badnets,33.0021,1
badnets,27.2311,1
badnets,28.1734,1
badnets,35.2046,1
badnets,34.1225,1
badnets,28.5823,1
badnets,28.9836,1
badnets,32.0681,1
badnets,26.9392,1
badnets,30.4218,1
badnets,33.4801,1
badnets,28.2786,1
badnets,30.7353,1
badnets,37.17,1
badnets,28.0697,1
badnets,32.1507,1
badnets,32.9044,1
badnets,30.1753,1
badnets,29.8247,1
badnets,33.2428,1
badnets,29.1016,1
badnets,27.6182,1
badnets,28.8473,1
badnets,27.1596,1
badnets,32.4114,1
badnets,29.5098,1
badnets,36.1408,1
badnets,28.2876,1
badnets,26.9807,1
badnets,32.9723,1
badnets,28.2151,1
badnets,27.6804,1
badnets,33.7441,1
badnets,29.6357,1
badnets,27.5528,1
badnets,33.453,1
badnets,28.5894,1
badnets,28.4793,1
badnets,28.8367,1
badnets,25.9694,1
badnets,29.3356,1
badnets,27.0797,1
badnets,31.6728,1
badnets,29.3756,1
badnets,29.6026,1
badnets,28.4533,1
badnets,28.9895,1
badnets,35.5962,1
badnets,29.83,1
badnets,30.8142,1
badnets,33.3887,1
badnets,32.3661,1
badnets,29.9357,1
badnets,28.578,1
badnets,25.9578,1
badnets,27.1075,1
badnets,27.7872,1
badnets,31.6637,1
badnets,29.7697,1
badnets,31.3217,1
badnets,30.305,1
badnets,28.3731,1
badnets,33.281,1
badnets,25.5842,1
badnets,31.1371,1
badnets,31.0729,1
badnets,29.64,1
badnets,27.3162,1
badnets,30.4417,1
badnets,29.8282,1
badnets,28.571,1
badnets,28.5096,1
badnets,32.8129,1
badnets,30.3847,1
badnets,37.6473,1
badnets,29.6235,1
badnets,30.3605,1
badnets,28.8639,1
badnets,31.1253,1
badnets,32.8818,1
badnets,29.75,1
badnets,27.4351,1
badnets,31.4161,1
badnets,27.6637,1
badnets,28.3626,1
badnets,27.7626,1
badnets,32.8593,1
badnets,33.212,1
badnets,27.5385,1
badnets,25.5302,1
badnets,27.9335,1
badnets,30.6506,1
badnets,29.3128,1
badnets,31.0495,1
badnets,34.9005,1
badnets,35.5509,1
badnets,29.2452,1
badnets,32.5208,1
badnets,31.8242,1
badnets,27.3398,1
badnets,25.083,1
badnets,25.5553,1
badnets,36.3016,1
badnets,32.9435,1
badnets,28.6201,1
badnets,24.6908,1
badnets,27.7231,1
badnets,28.0565,1
badnets,27.7694,1
badnets,29.199,1
badnets,32.5686,1
badnets,30.4454,1
badnets,28.1138,1
badnets,29.743,1
badnets,26.3345,1
badnets,28.1394,1
badnets,29.3695,1
badnets,34.9994,1
badnets,27.5903,1
badnets,26.8814,1
badnets,28.2414,1
badnets,29.043,1
badnets,32.2699,1
badnets,28.9902,1
badnets,31.7645,1
badnets,25.833,1
badnets,32.1838,1
badnets,27.9718,1
badnets,29.8532,1
badnets,28.9181,1
badnets,25.0345,1
badnets,30.2802,1
badnets,28.4725,1
badnets,27.6099,1
badnets,30.7186,1
badnets,33.1621,1
badnets,28.3982,1
badnets,25.8857,1
badnets,28.8378,1
badnets,31.0542,1
badnets,34.6724,1
badnets,25.5365,1
badnets,30.8982,1
badnets,29.7684,1
badnets,29.9459,1
badnets,29.259,1
badnets,28.975,1
badnets,29.8892,1
badnets,43.3144,1
badnets,26.6216,1
badnets,18.5971,0
badnets,14.0634,0
badnets,14.3114,0
badnets,18.5919,0
badnets,14.1747,0
badnets,17.7062,0
badnets,11.8959,0
badnets,26.9366,0
badnets,21.895,0
badnets,12.1091,0
badnets,15.3416,0
badnets,13.3393,0
badnets,17.5069,0
badnets,17.2637,0
badnets,17.5256,0
badnets,19.1863,0
badnets,15.2939,0
badnets,16.0566,0
badnets,12.4998,0
badnets,10.7222,0
badnets,17.1103,0
badnets,27.2629,0
badnets,14.2534,0
badnets,16.7906,0
badnets,15.397,0
badnets,11.5768,0
badnets,26.6801,0
badnets,25.9729,0
badnets,13.6724,0
badnets,22.1033,0
badnets,18.5089,0
badnets,14.092,0
badnets,14.3903,0
badnets,15.366,0
badnets,16.2689,0
badnets,14.5617,0
badnets,16.6201,0
badnets,26.641,0
badnets,22.9222,0
badnets,15.0756,0
badnets,16.1329,0
badnets,15.5139,0
badnets,14.0502,0
badnets,17.0899,0
badnets,14.1525,0
badnets,18.434,0
badnets,16.0408,0
badnets,17.5903,0
badnets,18.5997,0
badnets,12.5765,0
badnets,13.1651,0
badnets,22.8649,0
badnets,16.6251,0
badnets,14.5325,0
badnets,13.8428,0
badnets,14.5043,0
badnets,14.2677,0
badnets,12.8762,0
badnets,15.044,0
badnets,14.6421,0
badnets,22.6762,0
badnets,15.4064,0
badnets,14.0258,0
badnets,10.9434,0
badnets,16.3564,0
badnets,12.1059,0
badnets,17.3579,0
badnets,23.4869,0
badnets,18.6458,0
badnets,14.706,0
badnets,16.7966,0
badnets,22.5473,0
badnets,14.1059,0
badnets,15.3414,0
badnets,26.4417,0
badnets,14.0951,0
badnets,12.6729,0
badnets,15.2179,0
badnets,13.9053,0
badnets,19.1735,0
badnets,11.9327,0
badnets,24.4645,0
badnets,20.9024,0
badnets,16.0628,0
badnets,20.3391,0
badnets,15.1018,0
badnets,19.4823,0
badnets,21.7833,0
badnets,23.3193,0
badnets,14.98,0
badnets,12.341,0
badnets,12.8307,0
badnets,11.0589,0
badnets,14.7877,0
badnets,23.3395,0
badnets,18.6475,0
badnets,16.2379,0
badnets,12.2974,0
badnets,12.6988,0
badnets,23.0285,0
badnets,18.5697,0
badnets,21.9309,0
badnets,11.8971,0
badnets,19.1408,0
badnets,15.2151,0
badnets,15.0922,0
badnets,14.2275,0
badnets,14.5236,0
badnets,24.0487,0
badnets,13.3045,0
badnets,13.8799,0
badnets,11.7259,0
badnets,23.1377,0
badnets,17.9867,0
badnets,13.5689,0
badnets,12.3367,0
badnets,18.2229,0
badnets,16.0899,0
badnets,11.6221,0
badnets,26.6841,0
badnets,15.2271,0
badnets,15.6373,0
badnets,12.1971,0
badnets,15.4963,0
badnets,12.7992,0
badnets,15.1361,0
badnets,13.9479,0
badnets,12.5378,0
badnets,13.5244,0
badnets,17.8882,0
badnets,24.3004,0
badnets,14.0304,0
badnets,12.6895,0
badnets,14.689,0
badnets,23.3319,0
badnets,21.4865,0
badnets,14.9567,0
badnets,16.2073,0
badnets,13.7634,0
badnets,11.929,0
badnets,12.1833,0
badnets,12.6717,0
badnets,10.5653,0
badnets,16.4816,0
badnets,12.995,0
badnets,12.0336,0
badnets,14.5877,0
badnets,23.3847,0
badnets,15.5481,0
badnets,14.2068,0
badnets,10.9271,0
badnets,16.8856,0
badnets,13.6096,0
badnets,12.0446,0
badnets,16.498,0
badnets,19.1287,0
badnets,16.79,0
badnets,18.4248,0
badnets,16.0135,0
badnets,18.8645,0
badnets,20.8297,0
badnets,19.0292,0
badnets,16.7058,0
badnets,16.5279,0
badnets,14.9959,0
badnets,15.2929,0
badnets,22.4831,0
badnets,14.8511,0
badnets,17.3963,0
badnets,16.8364,0
badnets,12.7055,0
badnets,15.6562,0
badnets,21.1173,0
badnets,12.4195,0
badnets,16.1132,0
badnets,16.1015,0
badnets,14.3618,0
badnets,24.5034,0
badnets,15.2394,0
badnets,13.9517,0
badnets,27.1314,0
badnets,12.5418,0
badnets,28.0813,0
badnets,13.247,0
badnets,12.3783,0
badnets,11.292,0
badnets,18.4586,0
badnets,14.5971,0
badnets,12.9359,0
badnets,16.2577,0
badnets,15.6311,0
badnets,13.4018,0
badnets,14.1649,0
badnets,16.9633,0
badnets,16.7656,0
badnets,15.7053,0
badnets,13.7202,0
badnets,14.1788,0
badnets,19.2342,0
badnets,12.8039,0
badnets,14.2096,0
badnets,17.7161,0
badnets,14.2759,0
badnets,15.2672,0
badnets,12.9404,0
badnets,13.77,0
badnets,24.9089,0
badnets,12.0384,0
badnets,18.9431,0
badnets,25.4767,0
badnets,14.7131,0
badnets,15.4395,0
badnets,15.4492,0
badnets,18.6347,0
badnets,13.541,0
badnets,16.333,0
badnets,18.2475,0
badnets,13.6739,0
badnets,20.5984,0
badnets,22.2535,0
badnets,18.9134,0
badnets,18.6806,0
badnets,12.4527,0
badnets,12.4935,0
badnets,12.399,0
badnets,11.5648,0
badnets,15.2581,0
badnets,16.1256,0
badnets,15.3959,0
badnets,13.2318,0
badnets,11.8383,0
badnets,13.9618,0
badnets,19.3549,0
badnets,19.5881,0
badnets,11.528,0
badnets,17.0856,0
badnets,12.6141,0
badnets,15.8619,0
badnets,15.147,0
badnets,11.5483,0
badnets,14.1833,0
badnets,13.5964,0
badnets,16.452,0
badnets,16.8887,0
badnets,17.1987,0
badnets,15.8438,0
badnets,12.763,0
badnets,14.1427,0
badnets,13.8715,0
badnets,20.7251,0
badnets,11.762,0
badnets,17.1942,0
badnets,13.5207,0
badnets,21.6424,0
badnets,14.7431,0
badnets,17.233,0
badnets,25.3951,0
badnets,20.5832,0
badnets,16.6356,0
badnets,19.036,0
badnets,23.7979,0
badnets,16.6742,0
badnets,17.0883,0
badnets,14.6418,0
badnets,21.9803,0
badnets,20.0792,0
badnets,14.5668,0
badnets,14.1315,0
badnets,16.0174,0
badnets,17.9404,0
badnets,17.3439,0
badnets,15.4942,0
badnets,23.8738,0
badnets,13.9419,0
badnets,22.9562,0
badnets,14.4794,0
badnets,15.9997,0
badnets,23.5404,0
badnets,15.6098,0
badnets,12.5112,0
badnets,11.7635,0
badnets,12.3575,0
badnets,14.5997,0
badnets,13.7996,0
badnets,15.0729,0
badnets,12.8371,0
badnets,14.8155,0
badnets,14.8309,0
badnets,18.096,0
badnets,16.9376,0
badnets,16.9592,0
badnets,17.7975,0
badnets,13.6221,0
badnets,13.0029,0
badnets,17.4464,0
badnets,14.7278,0
badnets,12.3919,0
badnets,17.2999,0
badnets,15.3889,0
badnets,15.8853,0
badnets,13.6779,0
badnets,16.334,0
badnets,16.7475,0
badnets,16.3763,0
badnets,15.7951,0
badnets,17.9968,0
badnets,14.3984,0
badnets,12.0837,0
badnets,18.9747,0
badnets,26.1117,0
badnets,15.5123,0
badnets,23.7169,0
badnets,13.4101,0
badnets,18.3656,0
badnets,16.2428,0
badnets,12.2591,0
badnets,15.5004,0
badnets,15.4757,0
badnets,17.1954,0
badnets,20.7152,0
badnets,17.9158,0
badnets,16.6066,0
badnets,14.1145,0
badnets,18.258,0
badnets,25.4596,0
badnets,14.5482,0
badnets,11.4143,0
badnets,22.2667,0
badnets,16.2105,0
badnets,14.8115,0
badnets,15.4447,0
badnets,17.5367,0
badnets,13.2665,0
badnets,12.4069,0
badnets,14.1634,0
badnets,13.2786,0
badnets,14.8922,0
badnets,14.8103,0
badnets,15.7365,0
badnets,22.5637,0
badnets,11.6418,0
badnets,15.7148,0
badnets,17.6168,0
badnets,12.374,0
badnets,20.0937,0
badnets,17.193,0
badnets,17.8302,0
badnets,14.1692,0
badnets,14.6812,0
badnets,19.0552,0
badnets,11.9737,0
badnets,13.5018,0
badnets,15.2868,0
badnets,17.6,0
badnets,15.5304,0
badnets,12.5594,0
badnets,15.5842,0
badnets,12.9848,0
badnets,28.0483,0
badnets,19.7267,0
badnets,21.8262,0
badnets,18.9398,0
badnets,22.7592,0
badnets,18.9716,0
badnets,16.1937,0
badnets,15.5831,0
badnets,12.6378,0
badnets,11.8802,0
badnets,18.8229,0
badnets,13.6407,0
badnets,14.919,0
badnets,24.3368,0
badnets,16.2913,0
badnets,23.5813,0
badnets,14.336,0
badnets,16.7671,0
badnets,18.157,0
badnets,22.7896,0
badnets,13.1153,0
badnets,17.4342,0
badnets,13.1972,0
badnets,14.2931,0
badnets,24.6737,0
badnets,13.3593,0
badnets,15.4552,0
badnets,18.2207,0
badnets,16.1,0
badnets,18.5466,0
badnets,13.563,0
badnets,12.7142,0
badnets,18.0699,0
badnets,16.5342,0
badnets,15.2956,0
badnets,16.9933,0
badnets,11.6865,0
badnets,13.2001,0
badnets,14.9659,0
badnets,14.2021,0
badnets,13.0115,0
badnets,17.3863,0
vpi,18.6932,0
vpi,14.0089,0
vpi,14.3144,0
vpi,18.5306,0
vpi,14.0151,0
vpi,17.7352,0
vpi,11.7017,0
vpi,26.913,0
vpi,21.4413,0
vpi,12.105,0
vpi,15.166,0
vpi,13.4139,0
vpi,17.216,0
vpi,17.2945,0
vpi,17.5119,0
vpi,19.1956,0
vpi,15.144,0
vpi,15.8969,0
vpi,12.5323,0
vpi,10.6531,0
vpi,17.2724,0
vpi,27.151,0
vpi,14.224,0
vpi,16.5317,0
vpi,15.3817,0
vpi,11.673,0
vpi,26.1078,0
vpi,25.9497,0
vpi,13.7294,0
vpi,21.7116,0
vpi,18.3402,0
vpi,13.9468,0
vpi,14.5801,0
vpi,15.144,0
vpi,16.1557,0
vpi,14.7442,0
vpi,16.3915,0
vpi,26.5606,0
vpi,22.7989,0
vpi,15.0385,0
vpi,16.0709,0
vpi,15.567,0
vpi,14.1907,0
vpi,17.3106,0
vpi,13.9101,0
vpi,18.3818,0
vpi,15.8614,0
vpi,17.6791,0
vpi,18.4948,0
vpi,12.6986,0
vpi,13.1927,0
vpi,22.6744,0
vpi,16.473,0
vpi,14.6046,0
vpi,13.9274,0
vpi,14.5509,0
vpi,14.0668,0
vpi,12.7889,0
vpi,15.1494,0
vpi,14.6257,0
vpi,22.49,0
vpi,15.2544,0
vpi,13.9859,0
vpi,10.8769,0
vpi,16.1176,0
vpi,11.9898,0
vpi,17.2872,0
vpi,23.3637,0
vpi,18.4153,0
vpi,14.621,0
vpi,16.7831,0
vpi,22.5327,0
vpi,14.1341,0
vpi,15.1865,0
vpi,26.3113,0
vpi,14.1679,0
vpi,12.7075,0
vpi,15.2481,0
vpi,13.8079,0
vpi,18.9967,0
vpi,11.9082,0
vpi,25.1523,0
vpi,20.4717,0
vpi,15.9004,0
vpi,20.5048,0
vpi,14.9355,0
vpi,19.4523,0
vpi,21.4549,0
vpi,23.3791,0
vpi,15.1128,0
vpi,12.1105,0
vpi,12.8663,0
vpi,11.0642,0
vpi,14.7335,0
vpi,23.0646,0
vpi,18.5211,0
vpi,16.0657,0
vpi,12.2637,0
vpi,12.654,0
vpi,22.9661,0
vpi,18.5658,0
vpi,21.3562,0
vpi,12.0095,0
vpi,19.184,0
vpi,15.1457,0
vpi,15.2341,0
vpi,14.06,0
vpi,14.2016,0
vpi,23.7778,0
vpi,13.1029,0
vpi,13.8985,0
vpi,11.8322,0
vpi,23.0839,0
vpi,18.0807,0
vpi,13.5911,0
vpi,12.1546,0
vpi,18.2255,0
vpi,16.0341,0
vpi,11.5418,0
vpi,26.3825,0
vpi,15.5887,0
vpi,15.4785,0
vpi,12.3758,0
vpi,15.6165,0
vpi,12.7812,0
vpi,14.99,0
vpi,13.7765,0
vpi,12.5706,0
vpi,13.5848,0
vpi,17.8653,0
vpi,23.6442,0
vpi,13.968,0
vpi,12.4363,0
vpi,14.4214,0
vpi,23.1551,0
vpi,21.0057,0
vpi,14.9166,0
vpi,16.1524,0
vpi,13.6779,0
vpi,11.9323,0
vpi,12.3988,0
vpi,12.6354,0
vpi,10.6465,0
vpi,16.3874,0
vpi,12.9808,0
vpi,11.9265,0
vpi,14.5706,0
vpi,22.7283,0
vpi,15.3491,0
vpi,14.158,0
vpi,11.0149,0
vpi,17.1123,0
vpi,13.5998,0
vpi,11.9602,0
vpi,16.5119,0
vpi,19.1182,0
vpi,16.7747,0
vpi,18.2421,0
vpi,15.9041,0
vpi,18.5815,0
vpi,20.5275,0
vpi,18.9914,0
vpi,16.9006,0
vpi,16.2055,0
vpi,15.0098,0
vpi,15.1983,0
vpi,22.3778,0
vpi,14.8671,0
vpi,17.3714,0
vpi,16.4764,0
vpi,12.8545,0
vpi,15.5247,0
vpi,21.2732,0
vpi,12.1585,0
vpi,15.9796,0
vpi,15.9192,0
vpi,14.104,0
vpi,23.9783,0
vpi,15.4314,0
vpi,14.1013,0
vpi,26.4761,0
vpi,12.5923,0
vpi,27.6263,0
vpi,13.3423,0
vpi,12.5613,0
vpi,11.4493,0
vpi,18.4971,0
vpi,14.8042,0
vpi,12.9836,0
vpi,16.2156,0
vpi,15.5492,0
vpi,13.4947,0
vpi,13.9588,0
vpi,17.1369,0
vpi,16.7348,0
vpi,15.6897,0
vpi,13.7442,0
vpi,14.3365,0
vpi,19.3595,0
vpi,12.6085,0
vpi,14.1413,0
vpi,17.6503,0
vpi,14.2049,0
vpi,15.2786,0
vpi,12.9514,0
vpi,13.7529,0
vpi,24.5022,0
vpi,11.7913,0
vpi,18.2388,0
vpi,25.1289,0
vpi,14.4149,0
vpi,15.3808,0
vpi,15.4664,0
vpi,18.6054,0
vpi,13.4795,0
vpi,16.4289,0
vpi,18.6322,0
vpi,13.4643,0
vpi,20.7535,0
vpi,22.3656,0
vpi,19.2393,0
vpi,18.4252,0
vpi,12.5154,0
vpi,12.1895,0
vpi,12.0715,0
vpi,11.3764,0
vpi,15.1806,0
vpi,16.2073,0
vpi,15.2406,0
vpi,13.3266,0
vpi,11.8654,0
vpi,13.8365,0
vpi,19.1791,0
vpi,18.7839,0
vpi,11.3942,0
vpi,16.9673,0
vpi,12.6211,0
vpi,15.8608,0
vpi,15.0558,0
vpi,11.6009,0
vpi,13.9406,0
vpi,13.5339,0
vpi,16.4149,0
vpi,16.9571,0
vpi,17.3143,0
vpi,15.7677,0
vpi,12.619,0
vpi,13.9938,0
vpi,13.877,0
vpi,20.2692,0
vpi,11.542,0
vpi,17.1395,0
vpi,13.6628,0
vpi,21.081,0
vpi,14.566,0
vpi,17.2139,0
vpi,24.912,0
vpi,20.7786,0
vpi,16.6232,0
vpi,19.3187,0
vpi,23.3818,0
vpi,16.4555,0
vpi,17.0899,0
vpi,14.502,0
vpi,21.0174,0
vpi,20.231,0
vpi,14.3809,0
vpi,13.9841,0
vpi,15.9864,0
vpi,17.5521,0
vpi,17.2185,0
vpi,15.2898,0
vpi,23.3468,0
vpi,13.9316,0
vpi,22.7273,0
vpi,14.5716,0
vpi,15.697,0
vpi,23.1767,0
vpi,15.6454,0
vpi,12.3536,0
vpi,11.7578,0
vpi,12.2518,0
vpi,14.6106,0
vpi,13.5502,0
vpi,14.9517,0
vpi,12.9621,0
vpi,14.898,0
vpi,15.0066,0
vpi,18.0801,0
vpi,17.0228,0
vpi,17.1337,0
vpi,17.8484,0
vpi,13.5527,0
vpi,13.0205,0
vpi,17.5804,0
vpi,14.6168,0
vpi,12.4508,0
vpi,17.2449,0
vpi,15.227,0
vpi,15.7826,0
vpi,13.685,0
vpi,16.4857,0
vpi,16.5286,0
vpi,16.463,0
vpi,15.7305,0
vpi,17.9699,0
vpi,14.1389,0
vpi,12.0277,0
vpi,18.9843,0
vpi,25.5442,0
vpi,15.3509,0
vpi,23.448,0
vpi,13.395,0
vpi,18.2275,0
vpi,16.0376,0
vpi,12.0051,0
vpi,15.461,0
vpi,15.3133,0
vpi,17.17,0
vpi,20.4079,0
vpi,17.7248,0
vpi,16.4757,0
vpi,14.1031,0
vpi,17.9912,0
vpi,25.0083,0
vpi,14.3686,0
vpi,11.4129,0
vpi,22.4197,0
vpi,16.1637,0
vpi,14.3932,0
vpi,15.4229,0
vpi,17.2878,0
vpi,13.2611,0
vpi,12.3685,0
vpi,13.9782,0
vpi,13.3005,0
vpi,14.7354,0
vpi,14.801,0
vpi,15.4465,0
vpi,21.9457,0
vpi,11.4861,0
vpi,15.6711,0
vpi,17.5689,0
vpi,12.3574,0
vpi,20.4529,0
vpi,17.0637,0
vpi,17.7937,0
vpi,14.1284,0
vpi,14.6733,0
vpi,18.9012,0
vpi,12.1346,0
vpi,13.5239,0
vpi,15.1826,0
vpi,17.5931,0
vpi,15.4208,0
vpi,12.6532,0
vpi,15.4728,0
vpi,13.1544,0
vpi,27.9736,0
vpi,19.7676,0
vpi,21.6599,0
vpi,18.9402,0
vpi,22.2723,0
vpi,18.8565,0
vpi,16.0679,0
vpi,15.5842,0
vpi,12.6459,0
vpi,11.9233,0
vpi,18.6317,0
vpi,13.7354,0
vpi,15.0606,0
vpi,23.921,0
vpi,16.0407,0
vpi,23.188,0
vpi,14.1806,0
vpi,16.7125,0
vpi,18.3175,0
vpi,22.6215,0
vpi,13.2629,0
vpi,17.5552,0
vpi,13.0116,0
vpi,14.4044,0
vpi,24.6751,0
vpi,13.3744,0
vpi,15.4704,0
vpi,17.9017,0
vpi,15.9457,0
vpi,18.3346,0
vpi,13.5933,0
vpi,12.8221,0
vpi,18.1188,0
vpi,16.5594,0
vpi,15.0944,0
vpi,16.8982,0
vpi,11.5854,0
vpi,13.3283,0
vpi,14.7717,0
vpi,14.0891,0
vpi,12.9295,0
vpi,17.5343,0
vpi,28.0203,1
vpi,26.144,1
vpi,29.9157,1
vpi,30.5657,1
vpi,29.1354,1
vpi,27.9516,1
vpi,32.6422,1
vpi,55.7169,1
vpi,25.3519,1
vpi,30.3305,1
vpi,30.8943,1
vpi,33.2111,1
vpi,28.6606,1
vpi,32.7004,1
vpi,33.324,1
vpi,26.5122,1
vpi,28.3597,1
vpi,29.6329,1
vpi,25.8919,1
vpi,32.3433,1
vpi,31.7681,1
vpi,34.0778,1
vpi,32.3742,1
vpi,32.3715,1
vpi,28.3613,1
vpi,36.1553,1
vpi,26.7531,1
vpi,29.8262,1
vpi,31.4743,1
vpi,31.8333,1
vpi,36.1292,1
vpi,28.9518,1
vpi,28.2555,1
vpi,33.6854,1
vpi,26.2539,1
vpi,30.4436,1
vpi,34.4619,1
vpi,27.8226,1
vpi,33.2665,1
vpi,29.8072,1
vpi,30.6202,1
vpi,25.9821,1
vpi,31.1528,1
vpi,33.1977,1
vpi,31.8028,1
vpi,29.4238,1
vpi,31.3106,1
vpi,32.8297,1
vpi,33.4842,1
vpi,30.0037,1
vpi,30.4093,1
vpi,27.2752,1
vpi,27.5579,1
vpi,29.9048,1
vpi,31.4365,1
vpi,29.6091,1
vpi,27.7179,1
vpi,32.1092,1
vpi,30.2398,1
vpi,32.5054,1
vpi,29.9457,1
vpi,33.3059,1
vpi,28.6927,1
vpi,31.8222,1
vpi,29.1093,1
vpi,36.0915,1
vpi,32.1664,1
vpi,30.7865,1
vpi,28.0534,1
vpi,32.2261,1
vpi,30.5208,1
vpi,27.9364,1
vpi,31.1078,1
vpi,29.348,1
vpi,29.8412,1
vpi,30.8565,1
vpi,29.2362,1
vpi,31.4076,1
vpi,27.3444,1
vpi,27.9714,1
vpi,30.9179,1
vpi,25.1358,1
vpi,31.5502,1
vpi,27.3378,1
vpi,25.4764,1
vpi,37.7217,1
vpi,29.6988,1
vpi,25.767,1
vpi,32.7985,1
vpi,29.0471,1
vpi,29.0078,1
vpi,28.5419,1
vpi,27.9477,1
vpi,30.4713,1
vpi,27.1655,1
vpi,32.5058,1
vpi,30.1615,1
vpi,31.917,1
vpi,34.8035,1
vpi,28.8525,1
vpi,28.1262,1
vpi,31.6943,1
vpi,29.9149,1
vpi,29.6138,1
vpi,31.3816,1
vpi,29.4856,1
vpi,32.5176,1
vpi,32.6783,1
vpi,37.8437,1
vpi,28.9394,1
vpi,31.7203,1
vpi,31.0763,1
vpi,30.032,1
vpi,31.4182,1
vpi,27.2065,1
vpi,33.8162,1
vpi,32.9848,1
vpi,29.4644,1
vpi,29.4672,1
vpi,30.789,1
vpi,31.6932,1
vpi,36.368,1
vpi,28.3338,1
vpi,32.6108,1
vpi,28.2132,1
vpi,31.2042,1
vpi,29.3236,1
vpi,27.8958,1
vpi,34.2781,1
vpi,30.5391,1
vpi,29.3791,1
vpi,29.2908,1
vpi,28.3675,1
vpi,36.4122,1
vpi,27.5834,1
vpi,28.7497,1
vpi,27.1569,1
vpi,28.5935,1
vpi,31.2014,1
vpi,27.7174,1
vpi,28.5658,1
vpi,41.6515,1
vpi,30.825,1
vpi,28.3203,1
vpi,31.055,1
vpi,33.2859,1
vpi,29.0196,1
vpi,27.8645,1
vpi,33.385,1
vpi,35.2214,1
vpi,31.24,1
vpi,29.261,1
vpi,30.1641,1
vpi,32.2506,1
vpi,30.5016,1
vpi,34.5296,1
vpi,32.6844,1
vpi,26.9556,1
vpi,33.8877,1
vpi,30.2547,1
vpi,34.7615,1
vpi,32.6228,1
vpi,31.9081,1
vpi,34.5638,1
vpi,32.5901,1
vpi,31.5425,1
vpi,27.8064,1
vpi,31.6574,1
vpi,27.6799,1
vpi,37.2052,1
vpi,31.8428,1
vpi,29.6827,1
vpi,28.9556,1
vpi,31.9405,1
vpi,30.1343,1
vpi,28.0325,1
vpi,32.523,1
vpi,32.5635,1
vpi,35.3551,1
vpi,28.5545,1
vpi,27.3026,1
vpi,33.023,1
vpi,27.3415,1
vpi,31.2607,1
vpi,26.9861,1
vpi,33.9471,1
vpi,33.8411,1
vpi,31.4996,1
vpi,27.0145,1
vpi,32.0914,1
vpi,29.4343,1
vpi,28.9789,1
vpi,32.5441,1
vpi,27.0537,1
vpi,30.4273,1
vpi,34.4972,1
vpi,28.0213,1
vpi,26.8024,1
vpi,31.6921,1
vpi,35.2198,1
vpi,31.5749,1
vpi,31.7031,1
vpi,28.4522,1
vpi,31.1257,1
vpi,26.6064,1
vpi,31.847,1
vpi,27.1062,1
vpi,28.1071,1
vpi,28.65,1
vpi,27.2513,1
vpi,29.8482,1
vpi,35.3533,1
vpi,28.8767,1
vpi,27.3336,1
vpi,30.3142,1
vpi,27.5918,1
vpi,27.1322,1
vpi,30.2012,1
vpi,34.5641,1
vpi,26.8338,1
vpi,30.6201,1
vpi,27.7516,1
vpi,28.1666,1
vpi,30.0105,1
vpi,42.3256,1
vpi,30.2642,1
vpi,26.5889,1
vpi,28.4832,1
vpi,29.9632,1
vpi,31.2907,1
vpi,25.2066,1
vpi,29.9724,1
vpi,27.7453,1
vpi,32.4076,1
vpi,26.4604,1
vpi,27.7207,1
vpi,29.9008,1
vpi,28.4681,1
vpi,30.4353,1
vpi,29.1668,1
vpi,28.7269,1
vpi,29.4582,1
vpi,31.5053,1
vpi,32.9449,1
vpi,30.017,1
vpi,31.2654,1
vpi,28.9349,1
vpi,31.445,1
vpi,27.8883,1
vpi,25.6077,1
vpi,32.7867,1
vpi,27.4436,1
vpi,29.6147,1
vpi,35.9774,1
vpi,34.6694,1
vpi,28.6151,1
vpi,30.2998,1
vpi,31.9448,1
vpi,27.7871,1
vpi,30.9095,1
vpi,33.3651,1
vpi,28.3087,1
vpi,31.8519,1
vpi,38.538,1
vpi,28.6597,1
vpi,32.204,1
vpi,32.81,1
vpi,31.14,1
vpi,29.9657,1
vpi,32.658,1
vpi,28.0787,1
vpi,29.1946,1
vpi,28.9054,1
vpi,27.6987,1
vpi,32.0196,1
vpi,30.7781,1
vpi,37.0146,1
vpi,28.7053,1
vpi,27.5401,1
vpi,33.7767,1
vpi,28.6419,1
vpi,28.7861,1
vpi,34.2215,1
vpi,30.336,1
vpi,27.5512,1
vpi,33.6022,1
vpi,29.9689,1
vpi,29.4515,1
vpi,29.8251,1
vpi,27.5259,1
vpi,29.3898,1
vpi,27.137,1
vpi,31.0422,1
vpi,29.0543,1
vpi,30.2363,1
vpi,28.5362,1
vpi,29.2936,1
vpi,36.7201,1
vpi,30.0189,1
vpi,30.6035,1
vpi,33.471,1
vpi,33.141,1
vpi,31.0468,1
vpi,29.0041,1
vpi,26.0745,1
vpi,27.2461,1
vpi,27.4987,1
vpi,31.938,1
vpi,29.3141,1
vpi,30.2995,1
vpi,31.3099,1
vpi,28.9971,1
vpi,33.819,1
vpi,26.3421,1
vpi,31.6636,1
vpi,31.6164,1
vpi,29.662,1
vpi,28.3709,1
vpi,30.5903,1
vpi,29.8649,1
vpi,29.5382,1
vpi,28.643,1
vpi,33.2675,1
vpi,30.8001,1
vpi,37.9747,1
vpi,30.0429,1
vpi,31.4759,1
vpi,29.6744,1
vpi,30.878,1
vpi,33.0941,1
vpi,29.4595,1
vpi,27.4631,1
vpi,31.4924,1
vpi,29.3918,1
vpi,28.2782,1
vpi,28.7846,1
vpi,32.3447,1
vpi,32.9976,1
vpi,28.5703,1
vpi,26.2833,1
vpi,28.1548,1
vpi,31.592,1
vpi,30.21,1
vpi,30.0336,1
vpi,33.9325,1
vpi,36.2971,1
vpi,29.1291,1
vpi,32.8087,1
vpi,31.5325,1
vpi,27.8073,1
vpi,26.1577,1
vpi,25.3659,1
vpi,35.5595,1
vpi,33.8727,1
vpi,28.7697,1
vpi,25.5629,1
vpi,27.5983,1
vpi,28.2598,1
vpi,27.6651,1
vpi,29.4101,1
vpi,32.568,1
vpi,30.778,1
vpi,28.5594,1
vpi,29.4851,1
vpi,27.1964,1
vpi,28.4627,1
vpi,30.2252,1
vpi,36.242,1
vpi,28.0283,1
vpi,26.7733,1
vpi,28.4464,1
vpi,29.9988,1
vpi,33.8889,1
vpi,29.5681,1
vpi,31.1662,1
vpi,25.9182,1
vpi,32.3575,1
vpi,29.0575,1
vpi,30.349,1
vpi,29.0792,1
vpi,26.6422,1
vpi,30.2076,1
vpi,29.2535,1
vpi,27.8457,1
vpi,31.6828,1
vpi,34.3579,1
vpi,28.6436,1
vpi,26.4177,1
vpi,28.4849,1
vpi,31.1256,1
vpi,34.1175,1
vpi,26.2152,1
vpi,31.0614,1
vpi,29.2891,1
vpi,29.8916,1
vpi,28.6992,1
vpi,29.5584,1
vpi,29.7497,1
vpi,42.8956,1
vpi,26.6961,1
ctba,18.6876,0
ctba,14.1232,0
ctba,14.2743,0
ctba,18.6145,0
ctba,14.11,0
ctba,17.8049,0
ctba,11.8051,0
ctba,27.0172,0
ctba,21.7607,0
ctba,12.1951,0
ctba,15.3238,0
ctba,13.3414,0
ctba,17.4241,0
ctba,17.3266,0
ctba,17.5307,0
ctba,19.3731,0
ctba,15.1564,0
ctba,15.8667,0
ctba,12.4466,0
ctba,10.6036,0
ctba,17.1942,0
ctba,27.3606,0
ctba,14.3371,0
ctba,16.8032,0
ctba,15.3841,0
ctba,11.6125,0
ctba,26.5055,0
ctba,26.1801,0
ctba,13.638,0
ctba,22.0314,0
ctba,18.4182,0
ctba,14.1066,0
ctba,14.3964,0
ctba,15.37,0
ctba,16.3052,0
ctba,14.6517,0
ctba,16.3984,0
ctba,26.81,0
ctba,23.0895,0
ctba,15.2972,0
ctba,16.2462,0
ctba,15.3915,0
ctba,14.0453,0
ctba,17.112,0
ctba,14.1815,0
ctba,18.3711,0
ctba,15.9377,0
ctba,17.7677,0
ctba,18.5195,0
ctba,12.6103,0
ctba,13.2194,0
ctba,22.9368,0
ctba,16.7336,0
ctba,14.5683,0
ctba,13.8491,0
ctba,14.532,0
ctba,14.3698,0
ctba,12.8848,0
ctba,14.9532,0
ctba,14.8248,0
ctba,22.8437,0
ctba,15.34,0
ctba,13.8815,0
ctba,10.9841,0
ctba,16.3503,0
ctba,12.0657,0
ctba,17.3038,0
ctba,23.4377,0
ctba,18.4667,0
ctba,14.5892,0
ctba,16.7119,0
ctba,22.8044,0
ctba,14.2476,0
ctba,15.4261,0
ctba,26.4283,0
ctba,13.9537,0
ctba,12.6951,0
ctba,15.175,0
ctba,13.9006,0
ctba,19.2888,0
ctba,11.8167,0
ctba,24.4173,0
ctba,20.7396,0
ctba,16.1803,0
ctba,20.3929,0
ctba,15.0902,0
ctba,19.4777,0
ctba,21.8827,0
ctba,23.209,0
ctba,14.8899,0
ctba,12.3245,0
ctba,12.8607,0
ctba,10.969,0
ctba,14.8448,0
ctba,23.4154,0
ctba,18.3967,0
ctba,16.0643,0
ctba,12.233,0
ctba,12.7206,0
ctba,23.0208,0
ctba,18.2043,0
ctba,21.6267,0
ctba,11.8886,0
ctba,19.2069,0
ctba,15.26,0
ctba,15.1875,0
ctba,14.1695,0
ctba,14.3703,0
ctba,24.0091,0
ctba,13.2153,0
ctba,13.9397,0
ctba,11.6821,0
ctba,22.8955,0
ctba,17.8477,0
ctba,13.7358,0
ctba,12.2556,0
ctba,18.3551,0
ctba,15.8989,0
ctba,11.4807,0
ctba,26.4884,0
ctba,15.2179,0
ctba,15.662,0
ctba,12.2163,0
ctba,15.8015,0
ctba,12.7691,0
ctba,15.0164,0
ctba,13.82,0
ctba,12.6501,0
ctba,13.3615,0
ctba,17.9337,0
ctba,23.7172,0
ctba,14.1018,0
ctba,12.72,0
ctba,14.4545,0
ctba,23.2554,0
ctba,21.5406,0
ctba,15.1237,0
ctba,16.2563,0
ctba,13.9019,0
ctba,11.8679,0
ctba,12.2008,0
ctba,12.6357,0
ctba,10.5917,0
ctba,16.5472,0
ctba,12.8266,0
ctba,12.0066,0
ctba,14.7071,0
ctba,23.2496,0
ctba,15.6241,0
ctba,14.3075,0
ctba,11.0058,0
ctba,16.7757,0
ctba,13.3971,0
ctba,11.8605,0
ctba,16.4339,0
ctba,19.2509,0
ctba,17.0068,0
ctba,18.6057,0
ctba,15.8586,0
ctba,18.7979,0
ctba,20.603,0
ctba,19.2899,0
ctba,16.7507,0
ctba,16.4208,0
ctba,15.0883,0
ctba,15.2136,0
ctba,22.5042,0
ctba,14.9918,0
ctba,17.3398,0
ctba,16.6728,0
ctba,12.5417,0
ctba,15.5563,0
ctba,21.1818,0
ctba,12.3076,0
ctba,16.0441,0
ctba,15.9128,0
ctba,14.2907,0
ctba,24.1234,0
ctba,15.3177,0
ctba,14.1285,0
ctba,27.1113,0
ctba,12.53,0
ctba,27.9705,0
ctba,13.2412,0
ctba,12.4994,0
ctba,11.3653,0
ctba,18.4449,0
ctba,14.6536,0
ctba,12.9384,0
ctba,16.365,0
ctba,15.5834,0
ctba,13.376,0
ctba,14.0852,0
ctba,17.0639,0
ctba,16.8971,0
ctba,15.7706,0
ctba,13.5974,0
ctba,14.2143,0
ctba,19.3158,0
ctba,12.8747,0
ctba,14.1212,0
ctba,17.6672,0
ctba,14.2449,0
ctba,15.1455,0
ctba,12.9231,0
ctba,13.6975,0
ctba,24.6566,0
ctba,11.9473,0
ctba,18.9159,0
ctba,25.6477,0
ctba,14.57,0
ctba,15.5807,0
ctba,15.5074,0
ctba,18.6616,0
ctba,13.5024,0
ctba,16.3392,0
ctba,18.3928,0
ctba,13.5556,0
ctba,20.6335,0
ctba,22.2755,0
ctba,19.1895,0
ctba,18.3554,0
ctba,12.5261,0
ctba,12.3737,0
ctba,12.3401,0
ctba,11.3628,0
ctba,15.0905,0
ctba,16.0966,0
ctba,15.299,0
ctba,13.3008,0
ctba,11.8026,0
ctba,14.0574,0
ctba,19.2543,0
ctba,18.978,0
ctba,11.4505,0
ctba,17.128,0
ctba,12.5518,0
ctba,15.6625,0
ctba,15.142,0
ctba,11.4472,0
ctba,14.1363,0
ctba,13.5202,0
ctba,16.3953,0
ctba,16.9625,0
ctba,17.3066,0
ctba,15.7347,0
ctba,12.5884,0
ctba,14.0185,0
ctba,13.8333,0
ctba,20.3808,0
ctba,11.6572,0
ctba,17.0845,0
ctba,13.6447,0
ctba,21.4881,0
ctba,14.6673,0
ctba,17.3206,0
ctba,25.4521,0
ctba,20.7997,0
ctba,16.5671,0
ctba,19.2564,0
ctba,23.673,0
ctba,16.6703,0
ctba,17.0734,0
ctba,14.5517,0
ctba,21.4331,0
ctba,20.2845,0
ctba,14.3912,0
ctba,14.0707,0
ctba,16.0195,0
ctba,17.8557,0
ctba,17.2662,0
ctba,15.504,0
ctba,23.7627,0
ctba,13.9946,0
ctba,22.8192,0
ctba,14.4609,0
ctba,15.7983,0
ctba,22.9863,0
ctba,15.5877,0
ctba,12.4753,0
ctba,11.8545,0
ctba,12.3329,0
ctba,14.5758,0
ctba,13.749,0
ctba,15.0228,0
ctba,12.9241,0
ctba,14.8994,0
ctba,14.8538,0
ctba,18.0633,0
ctba,16.9212,0
ctba,17.0793,0
ctba,17.7717,0
ctba,13.5723,0
ctba,12.94,0
ctba,17.4717,0
ctba,14.6751,0
ctba,12.3481,0
ctba,17.1575,0
ctba,15.3383,0
ctba,15.8217,0
ctba,13.7284,0
ctba,16.1826,0
ctba,16.5775,0
ctba,16.329,0
ctba,15.7712,0
ctba,18.0324,0
ctba,14.3414,0
ctba,12.1282,0
ctba,18.8663,0
ctba,25.8722,0
ctba,15.5274,0
ctba,23.6656,0
ctba,13.4054,0
ctba,18.3284,0
ctba,16.1035,0
ctba,12.2409,0
ctba,15.5057,0
ctba,15.433,0
ctba,17.1174,0
ctba,20.586,0
ctba,17.7614,0
ctba,16.7567,0
ctba,13.9968,0
ctba,18.3334,0
ctba,25.2666,0
ctba,14.578,0
ctba,11.4849,0
ctba,22.3668,0
ctba,16.2356,0
ctba,14.9028,0
ctba,15.4215,0
ctba,17.5603,0
ctba,13.3047,0
ctba,12.5047,0
ctba,14.0637,0
ctba,13.321,0
ctba,14.7843,0
ctba,14.7828,0
ctba,15.6259,0
ctba,22.501,0
ctba,11.5986,0
ctba,15.7511,0
ctba,17.5146,0
ctba,12.2994,0
ctba,20.1509,0
ctba,17.2708,0
ctba,17.7884,0
ctba,14.0776,0
ctba,14.7314,0
ctba,19.022,0
ctba,11.989,0
ctba,13.4577,0
ctba,15.2331,0
ctba,17.7428,0
ctba,15.4245,0
ctba,12.5725,0
ctba,15.4519,0
ctba,12.9965,0
ctba,28.0816,0
ctba,19.7154,0
ctba,21.6885,0
ctba,18.965,0
ctba,22.6307,0
ctba,18.8703,0
ctba,15.9935,0
ctba,15.6173,0
ctba,12.5149,0
ctba,11.7102,0
ctba,18.8476,0
ctba,13.6921,0
ctba,15.0068,0
ctba,24.3399,0
ctba,16.2258,0
ctba,23.3379,0
ctba,14.3385,0
ctba,16.8433,0
ctba,18.2284,0
ctba,22.7972,0
ctba,13.133,0
ctba,17.3809,0
ctba,13.1018,0
ctba,14.255,0
ctba,24.4961,0
ctba,13.2031,0
ctba,15.5712,0
ctba,18.034,0
ctba,16.2087,0
ctba,18.32,0
ctba,13.6134,0
ctba,12.8211,0
ctba,18.3582,0
ctba,16.5761,0
ctba,15.32,0
ctba,17.0253,0
ctba,11.6895,0
ctba,13.2787,0
ctba,14.637,0
ctba,14.2603,0
ctba,12.9066,0
ctba,17.4069,0
ctba,26.1902,1
ctba,24.3189,1
ctba,28.5566,1
ctba,29.3665,1
ctba,28.5209,1
ctba,26.4871,1
ctba,31.2333,1
ctba,56.014,1
ctba,24.1621,1
ctba,29.1571,1
ctba,30.3383,1
ctba,30.8321,1
ctba,27.0975,1
ctba,30.7487,1
ctba,32.5793,1
ctba,25.8095,1
ctba,27.0493,1
ctba,27.6656,1
ctba,23.9997,1
ctba,31.2387,1
ctba,31.6279,1
ctba,32.9699,1
ctba,30.8312,1
ctba,30.3145,1
ctba,27.5465,1
ctba,34.7408,1
ctba,25.9566,1
ctba,27.9365,1
ctba,31.3589,1
ctba,32.0202,1
ctba,33.4434,1
ctba,28.1889,1
ctba,26.449,1
ctba,32.8075,1
ctba,24.8738,1
ctba,29.6159,1
ctba,33.5969,1
ctba,26.3227,1
ctba,31.9584,1
ctba,28.7808,1
ctba,29.6366,1
ctba,25.1614,1
ctba,29.6615,1
ctba,32.3037,1
ctba,30.2447,1
ctba,27.3062,1
ctba,29.8862,1
ctba,31.8423,1
ctba,32.9757,1
ctba,28.6859,1
ctba,29.7607,1
ctba,26.1231,1
ctba,26.1479,1
ctba,29.6201,1
ctba,29.9984,1
ctba,29.1556,1
ctba,26.4535,1
ctba,31.323,1
ctba,29.2791,1
ctba,30.8851,1
ctba,28.3164,1
ctba,31.8356,1
ctba,27.9697,1
ctba,29.8929,1
ctba,27.637,1
ctba,35.5555,1
ctba,30.7279,1
ctba,29.5861,1
ctba,27.5663,1
ctba,30.8615,1
ctba,30.2197,1
ctba,27.6644,1
ctba,28.7352,1
ctba,27.39,1
ctba,27.9175,1
ctba,28.9839,1
ctba,27.9572,1
ctba,29.6085,1
ctba,26.11,1
ctba,26.5195,1
ctba,28.9288,1
ctba,23.7419,1
ctba,29.9291,1
ctba,24.7878,1
ctba,24.6415,1
ctba,36.4132,1
ctba,28.3955,1
ctba,24.4825,1
ctba,32.4051,1
ctba,27.2501,1
ctba,26.582,1
ctba,27.4234,1
ctba,26.0374,1
ctba,28.7729,1
ctba,25.556,1
ctba,31.3476,1
ctba,29.4163,1
ctba,31.3082,1
ctba,34.0927,1
ctba,28.4072,1
ctba,27.5002,1
ctba,30.7376,1
ctba,28.0421,1
ctba,26.8289,1
ctba,30.3832,1
ctba,27.4823,1
ctba,31.1199,1
ctba,30.9905,1
ctba,36.8872,1
ctba,28.1393,1
ctba,30.4432,1
ctba,28.7903,1
ctba,28.5844,1
ctba,30.8485,1
ctba,26.7222,1
ctba,32.4907,1
ctba,32.0513,1
ctba,29.0057,1
ctba,27.9764,1
ctba,29.2804,1
ctba,30.5385,1
ctba,34.6665,1
ctba,26.9139,1
ctba,30.7102,1
ctba,28.4483,1
ctba,29.7056,1
ctba,28.235,1
ctba,27.0846,1
ctba,32.2782,1
ctba,28.2671,1
ctba,28.8628,1
ctba,27.1362,1
ctba,27.8395,1
ctba,34.7928,1
ctba,26.1045,1
ctba,28.4737,1
ctba,26.7546,1
ctba,27.5333,1
ctba,28.7698,1
ctba,26.1284,1
ctba,26.2722,1
ctba,40.4244,1
ctba,29.4671,1
ctba,25.9621,1
ctba,29.4588,1
ctba,32.5588,1
ctba,27.7637,1
ctba,26.0817,1
ctba,32.6299,1
ctba,33.8579,1
ctba,30.2474,1
ctba,28.7525,1
ctba,26.49,1
ctba,30.471,1
ctba,29.2864,1
ctba,32.6263,1
ctba,31.215,1
ctba,25.9264,1
ctba,32.7614,1
ctba,28.4367,1
ctba,34.0377,1
ctba,30.2199,1
ctba,29.2676,1
ctba,33.8427,1
ctba,32.8345,1
ctba,29.2501,1
ctba,25.3803,1
ctba,30.7612,1
ctba,25.8716,1
ctba,37.5348,1
ctba,30.4397,1
ctba,29.1973,1
ctba,28.5983,1
ctba,31.4957,1
ctba,28.4023,1
ctba,27.5752,1
ctba,30.3862,1
ctba,31.1446,1
ctba,34.3535,1
ctba,26.8293,1
ctba,26.2119,1
ctba,31.7327,1
ctba,26.2203,1
ctba,29.8166,1
ctba,26.3579,1
ctba,32.9413,1
ctba,32.57,1
ctba,29.8733,1
ctba,25.3465,1
ctba,29.4902,1
ctba,28.1493,1
ctba,26.742,1
ctba,30.5762,1
ctba,25.3973,1
ctba,28.2285,1
ctba,33.056,1
ctba,28.0841,1
ctba,25.8936,1
ctba,29.3716,1
ctba,32.371,1
ctba,28.9666,1
ctba,31.7241,1
ctba,26.1648,1
ctba,29.9628,1
ctba,25.7567,1
ctba,30.1967,1
ctba,26.1116,1
ctba,27.5791,1
ctba,27.7089,1
ctba,26.127,1
ctba,28.3173,1
ctba,32.7888,1
ctba,26.9562,1
ctba,25.7967,1
ctba,28.0366,1
ctba,26.4513,1
ctba,26.2649,1
ctba,28.7951,1
ctba,32.6546,1
ctba,25.0595,1
ctba,28.9433,1
ctba,26.2673,1
ctba,26.855,1
ctba,28.4783,1
ctba,41.1706,1
ctba,28.3944,1
ctba,25.1827,1
ctba,27.5096,1
ctba,27.7565,1
ctba,29.7993,1
ctba,23.4183,1
ctba,27.8851,1
ctba,25.7706,1
ctba,31.7733,1
ctba,25.7548,1
ctba,27.2724,1
ctba,29.6286,1
ctba,27.2158,1
ctba,28.6804,1
ctba,27.1066,1
ctba,26.6914,1
ctba,28.2818,1
ctba,29.6584,1
ctba,30.4597,1
ctba,28.8418,1
ctba,28.9628,1
ctba,26.7179,1
ctba,29.7313,1
ctba,26.4694,1
ctba,24.2636,1
ctba,32.3562,1
ctba,26.4149,1
ctba,27.2635,1
ctba,33.8397,1
ctba,32.8278,1
ctba,27.8752,1
ctba,27.685,1
ctba,30.9511,1
ctba,26.8075,1
ctba,29.1506,1
ctba,32.6613,1
ctba,28.1688,1
ctba,30.113,1
ctba,35.8744,1
ctba,27.0228,1
ctba,31.3114,1
ctba,32.2272,1
ctba,29.0781,1
ctba,28.8958,1
ctba,32.2923,1
ctba,27.5482,1
ctba,27.0423,1
ctba,28.1449,1
ctba,25.9841,1
ctba,31.1331,1
ctba,27.9622,1
ctba,35.6754,1
ctba,27.825,1
ctba,26.5705,1
ctba,31.6244,1
ctba,28.0948,1
ctba,26.1806,1
ctba,32.8071,1
ctba,28.9256,1
ctba,26.5807,1
ctba,32.4225,1
ctba,28.7875,1
ctba,28.1537,1
ctba,27.2754,1
ctba,25.1075,1
ctba,27.8134,1
ctba,26.4192,1
ctba,31.1258,1
ctba,28.5815,1
ctba,28.3551,1
ctba,27.8038,1
ctba,28.5136,1
ctba,34.3975,1
ctba,28.8372,1
ctba,29.9953,1
ctba,32.6979,1
ctba,32.2771,1
ctba,28.8447,1
ctba,27.2079,1
ctba,24.0382,1
ctba,25.9137,1
ctba,26.5459,1
ctba,30.8038,1
ctba,28.6948,1
ctba,29.3068,1
ctba,28.9149,1
ctba,27.5772,1
ctba,32.435,1
ctba,24.7483,1
ctba,30.4301,1
ctba,30.0944,1
ctba,29.2414,1
ctba,26.0526,1
ctba,29.7428,1
ctba,29.0023,1
ctba,27.2446,1
ctba,27.3311,1
ctba,32.1044,1
ctba,29.1832,1
ctba,36.893,1
ctba,28.257,1
ctba,29.9207,1
ctba,27.4859,1
ctba,30.1729,1
ctba,31.6545,1
ctba,28.9422,1
ctba,26.2065,1
ctba,30.3361,1
ctba,26.5218,1
ctba,27.7948,1
ctba,26.7069,1
ctba,31.2417,1
ctba,33.2927,1
ctba,27.3955,1
ctba,24.6722,1
ctba,27.4808,1
ctba,29.1035,1
ctba,28.7334,1
ctba,29.6956,1
ctba,33.2484,1
ctba,35.0902,1
ctba,28.2652,1
ctba,32.0641,1
ctba,30.6453,1
ctba,26.959,1
ctba,24.7817,1
ctba,24.1517,1
ctba,35.6631,1
ctba,31.566,1
ctba,27.4086,1
ctba,24.4227,1
ctba,26.3287,1
ctba,27.4091,1
ctba,26.6778,1
ctba,28.2253,1
ctba,31.1379,1
ctba,29.0997,1
ctba,27.443,1
ctba,28.35,1
ctba,25.0625,1
ctba,27.2249,1
ctba,28.8042,1
ctba,33.7402,1
ctba,27.6668,1
ctba,25.6559,1
ctba,27.3775,1
ctba,28.3274,1
ctba,32.0331,1
ctba,28.0482,1
ctba,30.3369,1
ctba,25.1746,1
ctba,30.8917,1
ctba,26.6789,1
ctba,27.9593,1
ctba,27.9924,1
ctba,24.7827,1
ctba,29.3406,1
ctba,27.1245,1
ctba,28.068,1
ctba,29.2767,1
ctba,33.0701,1
ctba,25.8796,1
ctba,25.3699,1
ctba,28.008,1
ctba,29.6684,1
ctba,33.9344,1
ctba,25.3268,1
ctba,29.8521,1
ctba,28.7432,1
ctba,29.3989,1
ctba,27.7893,1
ctba,28.7527,1
ctba,27.8623,1
ctba,42.4293,1
ctba,25.7101,1
mtba,18.791,0
mtba,13.986,0
mtba,14.4586,0
mtba,18.5877,0
mtba,14.2995,0
mtba,17.7477,0
mtba,11.8889,0
mtba,27.4593,0
mtba,21.8999,0
mtba,12.3038,0
mtba,15.2045,0
mtba,13.4855,0
mtba,17.5636,0
mtba,17.3788,0
mtba,17.8207,0
mtba,19.5025,0
mtba,15.3408,0
mtba,16.0741,0
mtba,12.7602,0
mtba,10.7761,0
mtba,17.2915,0
mtba,27.6912,0
mtba,14.4902,0
mtba,16.8317,0
mtba,15.6438,0
mtba,11.836,0
mtba,27.0262,0
mtba,26.3798,0
mtba,13.8524,0
mtba,22.2462,0
mtba,18.6461,0
mtba,14.2112,0
mtba,14.5533,0
mtba,15.5479,0
mtba,16.5137,0
mtba,14.731,0
mtba,16.6785,0
mtba,27.0116,0
mtba,23.3894,0
mtba,15.4336,0
mtba,16.1846,0
mtba,15.7135,0
mtba,14.3352,0
mtba,17.3162,0
mtba,14.0788,0
mtba,18.5064,0
mtba,15.9508,0
mtba,17.5327,0
mtba,18.7619,0
mtba,12.9021,0
mtba,13.3474,0
mtba,23.1273,0
mtba,16.9087,0
mtba,14.7745,0
mtba,13.8933,0
mtba,14.5448,0
mtba,14.59,0
mtba,13.052,0
mtba,15.0751,0
mtba,14.7336,0
mtba,23.2184,0
mtba,15.2568,0
mtba,14.0773,0
mtba,11.0564,0
mtba,16.4152,0
mtba,12.1237,0
mtba,17.3473,0
mtba,23.8547,0
mtba,18.7082,0
mtba,14.6442,0
mtba,16.8335,0
mtba,23.0437,0
mtba,14.1773,0
mtba,15.4541,0
mtba,26.7529,0
mtba,14.1431,0
mtba,12.7245,0
mtba,15.3166,0
mtba,13.978,0
mtba,19.358,0
mtba,12.0425,0
mtba,24.7591,0
mtba,21.4287,0
mtba,16.2569,0
mtba,20.4749,0
mtba,15.1393,0
mtba,19.496,0
mtba,22.3287,0
mtba,23.7066,0
mtba,15.0983,0
mtba,12.2924,0
mtba,13.0121,0
mtba,11.233,0
mtba,14.9981,0
mtba,23.8239,0
mtba,18.6718,0
mtba,16.3201,0
mtba,12.3847,0
mtba,12.7331,0
mtba,23.1384,0
mtba,18.8483,0
mtba,21.9521,0
mtba,12.0095,0
mtba,19.2205,0
mtba,15.3589,0
mtba,15.309,0
mtba,14.3038,0
mtba,14.4533,0
mtba,24.2619,0
mtba,13.2673,0
mtba,14.0583,0
mtba,11.9142,0
mtba,23.441,0
mtba,18.0063,0
mtba,13.6975,0
mtba,12.4094,0
mtba,18.1256,0
mtba,16.0985,0
mtba,11.7069,0
mtba,27.0397,0
mtba,15.2286,0
mtba,15.8593,0
mtba,12.2605,0
mtba,15.6606,0
mtba,12.9455,0
mtba,15.3247,0
mtba,13.9652,0
mtba,12.6665,0
mtba,13.6194,0
mtba,17.9936,0
mtba,24.5992,0
mtba,14.3404,0
mtba,12.818,0
mtba,14.6535,0
mtba,23.8606,0
mtba,21.8557,0
mtba,14.9219,0
mtba,16.4083,0
mtba,13.8963,0
mtba,12.0668,0
mtba,12.3326,0
mtba,12.8308,0
mtba,10.8011,0
mtba,16.7239,0
mtba,13.3457,0
mtba,12.1071,0
mtba,14.6644,0
mtba,23.7019,0
mtba,15.6317,0
mtba,14.4302,0
mtba,11.0738,0
mtba,16.9852,0
mtba,13.8473,0
mtba,12.1922,0
mtba,16.7092,0
mtba,19.3464,0
mtba,17.0228,0
mtba,18.3801,0
mtba,16.2702,0
mtba,18.9669,0
mtba,21.0926,0
mtba,19.1054,0
mtba,16.728,0
mtba,16.3685,0
mtba,15.1363,0
mtba,15.3449,0
mtba,22.7292,0
mtba,15.0571,0
mtba,17.5238,0
mtba,16.9615,0
mtba,12.9284,0
mtba,15.7049,0
mtba,21.2258,0
mtba,12.4054,0
mtba,16.1547,0
mtba,16.1326,0
mtba,14.4381,0
mtba,25.1113,0
mtba,15.2902,0
mtba,14.2073,0
mtba,27.7384,0
mtba,12.735,0
mtba,28.3651,0
mtba,13.4256,0
mtba,12.5885,0
mtba,11.5434,0
mtba,18.4496,0
mtba,15.0377,0
mtba,13.0396,0
mtba,16.3605,0
mtba,15.7348,0
mtba,13.4399,0
mtba,14.3549,0
mtba,17.219,0
mtba,16.8704,0
mtba,15.9906,0
mtba,13.7841,0
mtba,14.2933,0
mtba,19.1032,0
mtba,12.8554,0
mtba,14.2917,0
mtba,18.1875,0
mtba,14.3402,0
mtba,15.36,0
mtba,12.8949,0
mtba,13.8571,0
mtba,25.6539,0
mtba,12.0907,0
mtba,19.1952,0
mtba,25.6969,0
mtba,14.8512,0
mtba,15.6703,0
mtba,15.7654,0
mtba,18.7194,0
mtba,13.5106,0
mtba,16.5392,0
mtba,18.4197,0
mtba,13.753,0
mtba,20.6647,0
mtba,22.3585,0
mtba,19.0676,0
mtba,18.9025,0
mtba,12.593,0
mtba,12.466,0
mtba,12.4571,0
mtba,11.5792,0
mtba,15.479,0
mtba,16.2452,0
mtba,15.4359,0
mtba,13.4681,0
mtba,12.0093,0
mtba,14.0535,0
mtba,19.5977,0
mtba,19.6655,0
mtba,11.5104,0
mtba,17.2509,0
mtba,12.8563,0
mtba,16.0075,0
mtba,15.2431,0
mtba,11.6542,0
mtba,14.1762,0
mtba,13.7393,0
mtba,16.7278,0
mtba,17.2326,0
mtba,17.6612,0
mtba,15.9816,0
mtba,12.8825,0
mtba,14.0672,0
mtba,13.889,0
mtba,20.7278,0
mtba,11.706,0
mtba,17.2169,0
mtba,13.7344,0
mtba,22.0096,0
mtba,14.8479,0
mtba,17.4026,0
mtba,25.8277,0
mtba,20.7403,0
mtba,16.6184,0
mtba,19.0585,0
mtba,24.3155,0
mtba,16.7414,0
mtba,17.2083,0
mtba,14.6739,0
mtba,22.0367,0
mtba,20.3846,0
mtba,14.7721,0
mtba,14.2976,0
mtba,16.0322,0
mtba,18.1411,0
mtba,17.5725,0
mtba,15.6025,0
mtba,24.3524,0
mtba,14.2319,0
mtba,23.209,0
mtba,14.6221,0
mtba,16.0159,0
mtba,23.7542,0
mtba,15.7838,0
mtba,12.6281,0
mtba,11.8627,0
mtba,12.4063,0
mtba,14.7436,0
mtba,13.8137,0
mtba,15.1383,0
mtba,12.8905,0
mtba,15.0379,0
mtba,14.8705,0
mtba,18.3351,0
mtba,17.1644,0
mtba,17.2401,0
mtba,17.9419,0
mtba,13.7119,0
mtba,13.1736,0
mtba,17.6571,0
mtba,14.8081,0
mtba,12.4522,0
mtba,17.3893,0
mtba,15.4761,0
mtba,15.9769,0
mtba,13.7492,0
mtba,16.5078,0
mtba,16.7772,0
mtba,16.5759,0
mtba,15.8763,0
mtba,18.002,0
mtba,14.5067,0
mtba,12.1883,0
mtba,19.0586,0
mtba,26.7597,0
mtba,15.6689,0
mtba,23.878,0
mtba,13.5574,0
mtba,18.4836,0
mtba,16.392,0
mtba,12.2685,0
mtba,15.5939,0
mtba,15.8603,0
mtba,17.3635,0
mtba,20.9471,0
mtba,17.8477,0
mtba,16.5228,0
mtba,14.337,0
mtba,18.4761,0
mtba,26.3282,0
mtba,14.7337,0
mtba,11.4252,0
mtba,22.6851,0
mtba,16.5402,0
mtba,15.0208,0
mtba,15.4672,0
mtba,17.7134,0
mtba,13.4374,0
mtba,12.5459,0
mtba,14.1826,0
mtba,13.484,0
mtba,14.763,0
mtba,14.8943,0
mtba,15.7911,0
mtba,23.0383,0
mtba,11.6053,0
mtba,15.9,0
mtba,17.6736,0
mtba,12.5002,0
mtba,20.1518,0
mtba,17.4281,0
mtba,17.9001,0
mtba,14.183,0
mtba,14.8485,0
mtba,19.1665,0
mtba,12.1581,0
mtba,13.5495,0
mtba,15.3179,0
mtba,17.7567,0
mtba,15.5777,0
mtba,12.6188,0
mtba,15.6144,0
mtba,13.1003,0
mtba,28.5852,0
mtba,19.9388,0
mtba,22.5305,0
mtba,19.2173,0
mtba,23.0253,0
mtba,18.9857,0
mtba,16.254,0
mtba,15.7477,0
mtba,12.76,0
mtba,12.0529,0
mtba,18.9675,0
mtba,13.8192,0
mtba,14.9745,0
mtba,24.6094,0
mtba,16.4076,0
mtba,23.7495,0
mtba,14.4903,0
mtba,16.9189,0
mtba,18.3627,0
mtba,23.0258,0
mtba,13.2959,0
mtba,17.6909,0
mtba,13.2086,0
mtba,14.1896,0
mtba,24.9017,0
mtba,13.3798,0
mtba,15.4823,0
mtba,18.5164,0
mtba,16.1261,0
mtba,18.7772,0
mtba,13.7061,0
mtba,12.8709,0
mtba,18.6634,0
mtba,16.677,0
mtba,15.3646,0
mtba,16.9832,0
mtba,11.6854,0
mtba,13.3601,0
mtba,15.086,0
mtba,14.3919,0
mtba,13.0978,0
mtba,17.5152,0
mtba,28.7276,1
mtba,26.4832,1
mtba,30.3082,1
mtba,30.6356,1
mtba,28.6909,1
mtba,29.3634,1
mtba,32.7553,1
mtba,57.0828,1
mtba,26.1421,1
mtba,30.2475,1
mtba,31.6553,1
mtba,33.6121,1
mtba,29.5085,1
mtba,34.1633,1
mtba,33.9212,1
mtba,26.3428,1
mtba,28.4898,1
mtba,28.7269,1
mtba,27.4431,1
mtba,32.336,1
mtba,32.8081,1
mtba,34.5439,1
mtba,31.9739,1
mtba,33.2615,1
mtba,29.1527,1
mtba,36.0505,1
mtba,26.3561,1
mtba,30.5982,1
mtba,32.106,1
mtba,32.6739,1
mtba,36.8494,1
mtba,29.4609,1
mtba,28.6701,1
mtba,33.5358,1
mtba,26.8093,1
mtba,30.7186,1
mtba,35.0867,1
mtba,28.2262,1
mtba,33.0644,1
mtba,30.2955,1
mtba,31.1148,1
mtba,26.7264,1
mtba,32.6159,1
mtba,33.7872,1
mtba,32.2116,1
mtba,29.4474,1
mtba,31.0423,1
mtba,33.4662,1
mtba,34.1238,1
mtba,31.2155,1
mtba,30.4068,1
mtba,28.2119,1
mtba,27.716,1
mtba,30.6694,1
mtba,31.4865,1
mtba,29.8555,1
mtba,28.1304,1
mtba,32.1239,1
mtba,30.432,1
mtba,33.1729,1
mtba,31.1848,1
mtba,33.2585,1
mtba,28.2293,1
mtba,31.3481,1
mtba,30.0131,1
mtba,36.3704,1
mtba,32.5951,1
mtba,31.5953,1
mtba,27.9332,1
mtba,32.9591,1
mtba,31.1666,1
mtba,28.6753,1
mtba,31.0948,1
mtba,29.5267,1
mtba,30.5666,1
mtba,30.931,1
mtba,30.409,1
mtba,32.8802,1
mtba,27.6371,1
mtba,28.5634,1
mtba,30.1907,1
mtba,25.2691,1
mtba,31.7569,1
mtba,27.9614,1
mtba,26.2344,1
mtba,37.0568,1
mtba,30.7311,1
mtba,26.2046,1
mtba,33.8241,1
mtba,29.0107,1
mtba,29.3626,1
mtba,27.5837,1
mtba,28.2886,1
mtba,29.9647,1
mtba,27.6829,1
mtba,32.4926,1
mtba,29.8398,1
mtba,32.1961,1
mtba,33.7775,1
mtba,30.0949,1
mtba,28.918,1
mtba,32.2917,1
mtba,30.7094,1
mtba,29.376,1
mtba,31.6945,1
mtba,28.8929,1
mtba,32.7327,1
mtba,32.5546,1
mtba,37.4705,1
mtba,29.9143,1
mtba,31.5637,1
mtba,31.4212,1
mtba,29.6319,1
mtba,31.6676,1
mtba,28.1751,1
mtba,33.6954,1
mtba,33.7554,1
mtba,30.0812,1
mtba,29.6248,1
mtba,30.1851,1
mtba,32.2273,1
mtba,35.4643,1
mtba,28.2386,1
mtba,32.2172,1
mtba,27.9521,1
mtba,29.8417,1
mtba,29.2739,1
mtba,28.6052,1
mtba,33.7248,1
mtba,31.0883,1
mtba,30.2158,1
mtba,29.934,1
mtba,28.6704,1
mtba,35.8079,1
mtba,27.2818,1
mtba,28.1974,1
mtba,27.8138,1
mtba,28.3659,1
mtba,30.462,1
mtba,28.4792,1
mtba,28.7761,1
mtba,41.0716,1
mtba,32.6386,1
mtba,28.6768,1
mtba,31.568,1
mtba,33.0589,1
mtba,29.1487,1
mtba,28.2491,1
mtba,34.071,1
mtba,35.3122,1
mtba,30.913,1
mtba,30.469,1
mtba,30.138,1
mtba,31.3784,1
mtba,31.1388,1
mtba,35.2081,1
mtba,32.7955,1
mtba,27.5008,1
mtba,34.0663,1
mtba,29.91,1
mtba,34.8227,1
mtba,33.0789,1
mtba,30.8936,1
mtba,34.8697,1
mtba,33.7515,1
mtba,30.903,1
mtba,28.2225,1
mtba,31.0413,1
mtba,28.8316,1
mtba,37.7824,1
mtba,31.2121,1
mtba,29.9269,1
mtba,29.7954,1
mtba,32.1974,1
mtba,30.6282,1
mtba,27.4082,1
mtba,31.6339,1
mtba,32.8806,1
mtba,35.6586,1
mtba,28.8002,1
mtba,28.1087,1
mtba,31.9352,1
mtba,26.5346,1
mtba,31.2289,1
mtba,27.4783,1
mtba,33.8356,1
mtba,33.2049,1
mtba,31.8646,1
mtba,27.9202,1
mtba,31.3114,1
mtba,29.3709,1
mtba,28.7971,1
mtba,32.8317,1
mtba,27.7921,1
mtba,30.4875,1
mtba,33.8711,1
mtba,29.1408,1
mtba,27.1391,1
mtba,31.5516,1
mtba,35.3971,1
mtba,31.9442,1
mtba,33.0595,1
mtba,28.1821,1
mtba,31.9871,1
mtba,26.247,1
mtba,31.7491,1
mtba,27.7351,1
mtba,28.5805,1
mtba,29.1568,1
mtba,27.7022,1
mtba,29.9225,1
mtba,34.6159,1
mtba,29.0124,1
mtba,27.5604,1
mtba,30.4921,1
mtba,27.9953,1
mtba,28.6178,1
mtba,29.8191,1
mtba,34.0592,1
mtba,27.0688,1
mtba,31.0479,1
mtba,28.6607,1
mtba,28.4566,1
mtba,30.3339,1
mtba,43.0689,1
mtba,30.2842,1
mtba,26.8438,1
mtba,29.1003,1
mtba,29.4464,1
mtba,31.321,1
mtba,25.1424,1
mtba,29.7631,1
mtba,28.5677,1
mtba,32.7038,1
mtba,26.9447,1
mtba,28.0406,1
mtba,31.0537,1
mtba,28.5312,1
mtba,30.3493,1
mtba,29.1809,1
mtba,28.5306,1
mtba,30.056,1
mtba,31.6194,1
mtba,32.9243,1
mtba,30.4534,1
mtba,31.2484,1
mtba,29.2247,1
mtba,30.9223,1
mtba,27.366,1
mtba,25.3041,1
mtba,33.0233,1
mtba,27.4257,1
mtba,29.0922,1
mtba,34.1339,1
mtba,34.8427,1
mtba,29.0277,1
mtba,30.5013,1
mtba,32.2178,1
mtba,27.6314,1
mtba,31.1569,1
mtba,33.1752,1
mtba,29.4567,1
mtba,31.3041,1
mtba,36.6138,1
mtba,29.1061,1
mtba,32.6759,1
mtba,32.868,1
mtba,30.0589,1
mtba,29.8928,1
mtba,32.6126,1
mtba,29.7021,1
mtba,29.8403,1
mtba,29.2062,1
mtba,27.3191,1
mtba,32.6932,1
mtba,31.0872,1
mtba,36.3431,1
mtba,29.4152,1
mtba,29.0251,1
mtba,33.2215,1
mtba,28.4107,1
mtba,28.8542,1
mtba,34.0053,1
mtba,30.4297,1
mtba,28.2354,1
mtba,33.7958,1
mtba,29.355,1
mtba,28.8434,1
mtba,30.0095,1
mtba,27.6899,1
mtba,29.2816,1
mtba,28.2077,1
mtba,32.5486,1
mtba,29.7005,1
mtba,30.061,1
mtba,28.615,1
mtba,30.4831,1
mtba,36.4568,1
mtba,30.166,1
mtba,30.3724,1
mtba,33.7793,1
mtba,32.4562,1
mtba,30.4043,1
mtba,29.3814,1
mtba,26.5446,1
mtba,27.9634,1
mtba,28.4779,1
mtba,31.7677,1
mtba,30.4889,1
mtba,31.5134,1
mtba,30.8775,1
mtba,28.9986,1
mtba,33.6968,1
mtba,26.0716,1
mtba,31.4556,1
mtba,31.7854,1
mtba,30.7268,1
mtba,28.5468,1
mtba,31.0633,1
mtba,30.268,1
mtba,29.6862,1
mtba,29.327,1
mtba,33.0069,1
mtba,31.4437,1
mtba,37.1239,1
mtba,29.8777,1
mtba,30.6675,1
mtba,29.5608,1
mtba,30.8351,1
mtba,33.136,1
mtba,30.6635,1
mtba,28.0302,1
mtba,31.6023,1
mtba,28.7283,1
mtba,28.7549,1
mtba,29.1757,1
mtba,32.3348,1
mtba,33.6208,1
mtba,28.1107,1
mtba,26.3925,1
mtba,28.7538,1
mtba,31.1686,1
mtba,29.9302,1
mtba,31.5673,1
mtba,34.7009,1
mtba,35.5661,1
mtba,28.7877,1
mtba,32.6055,1
mtba,33.331,1
mtba,28.389,1
mtba,25.9928,1
mtba,25.8123,1
mtba,36.4023,1
mtba,33.7806,1
mtba,28.8483,1
mtba,25.4076,1
mtba,28.2858,1
mtba,28.7102,1
mtba,28.0765,1
mtba,29.8678,1
mtba,33.1499,1
mtba,31.0008,1
mtba,28.9396,1
mtba,29.703,1
mtba,27.2012,1
mtba,29.0,1
mtba,30.256,1
mtba,35.6641,1
mtba,27.2487,1
mtba,27.6453,1
mtba,28.5966,1
mtba,30.0441,1
mtba,31.8534,1
mtba,29.5259,1
mtba,31.836,1
mtba,26.6435,1
mtba,32.3556,1
mtba,28.834,1
mtba,31.399,1
mtba,29.8198,1
mtba,26.3279,1
mtba,30.5816,1
mtba,29.9178,1
mtba,27.7624,1
mtba,31.4436,1
mtba,33.9004,1
mtba,29.2759,1
mtba,26.5426,1
mtba,29.1986,1
mtba,30.4322,1
mtba,34.0463,1
mtba,26.117,1
mtba,31.1834,1
mtba,30.3136,1
mtba,31.2093,1
mtba,29.5554,1
mtba,29.7276,1
mtba,30.751,1
mtba,43.2388,1
mtba,27.6321,1
sleeper,18.5531,0
sleeper,14.1272,0
sleeper,14.4322,0
sleeper,18.5108,0
sleeper,14.1127,0
sleeper,17.7034,0
sleeper,11.8216,0
sleeper,26.7668,0
sleeper,21.7571,0
sleeper,12.1269,0
sleeper,15.1497,0
sleeper,13.2569,0
sleeper,17.133,0
sleeper,17.2161,0
sleeper,17.5413,0
sleeper,19.3125,0
sleeper,15.2314,0
sleeper,15.8406,0
sleeper,12.3854,0
sleeper,10.6051,0
sleeper,17.0347,0
sleeper,27.2777,0
sleeper,14.3143,0
sleeper,16.6684,0
sleeper,15.4212,0
sleeper,11.5895,0
sleeper,26.5116,0
sleeper,25.9981,0
sleeper,13.672,0
sleeper,22.0267,0
sleeper,18.534,0
sleeper,14.0445,0
sleeper,14.2227,0
sleeper,15.3963,0
sleeper,16.2102,0
sleeper,14.6016,0
sleeper,16.4441,0
sleeper,27.0324,0
sleeper,23.0984,0
sleeper,15.0414,0
sleeper,16.2595,0
sleeper,15.4555,0
sleeper,14.0088,0
sleeper,17.1026,0
sleeper,14.0866,0
sleeper,18.3947,0
sleeper,16.0038,0
sleeper,17.5862,0
sleeper,18.5941,0
sleeper,12.5598,0
sleeper,12.9834,0
sleeper,22.7173,0
sleeper,16.4785,0
sleeper,14.533,0
sleeper,13.793,0
sleeper,14.4061,0
sleeper,14.0785,0
sleeper,12.7819,0
sleeper,15.0253,0
sleeper,14.934,0
sleeper,23.111,0
sleeper,15.278,0
sleeper,13.9704,0
sleeper,10.9072,0
sleeper,16.3255,0
sleeper,11.9993,0
sleeper,17.3116,0
sleeper,23.4422,0
sleeper,18.3837,0
sleeper,14.5322,0
sleeper,16.7652,0
sleeper,22.906,0
sleeper,14.3119,0
sleeper,15.2835,0
sleeper,26.3968,0
sleeper,14.0694,0
sleeper,12.6824,0
sleeper,15.2463,0
sleeper,13.895,0
sleeper,19.0331,0
sleeper,11.8192,0
sleeper,24.591,0
sleeper,20.9231,0
sleeper,16.0214,0
sleeper,20.559,0
sleeper,15.1164,0
sleeper,19.4952,0
sleeper,21.8645,0
sleeper,23.2612,0
sleeper,15.1972,0
sleeper,12.2989,0
sleeper,12.775,0
sleeper,11.0467,0
sleeper,14.7751,0
sleeper,23.3368,0
sleeper,18.6951,0
sleeper,16.0994,0
sleeper,12.2623,0
sleeper,12.6914,0
sleeper,22.914,0
sleeper,18.5554,0
sleeper,21.7602,0
sleeper,11.8581,0
sleeper,19.0748,0
sleeper,15.2247,0
sleeper,15.2371,0
sleeper,14.1074,0
sleeper,14.3845,0
sleeper,24.0246,0
sleeper,13.1261,0
sleeper,13.7951,0
sleeper,11.6461,0
sleeper,22.9246,0
sleeper,17.991,0
sleeper,13.691,0
sleeper,12.2845,0
sleeper,18.3364,0
sleeper,15.9486,0
sleeper,11.5855,0
sleeper,26.3499,0
sleeper,15.3173,0
sleeper,15.5248,0
sleeper,12.2221,0
sleeper,15.6343,0
sleeper,12.6318,0
sleeper,14.9392,0
sleeper,13.8027,0
sleeper,12.5726,0
sleeper,13.5359,0
sleeper,17.7869,0
sleeper,24.1333,0
sleeper,14.1627,0
sleeper,12.6505,0
sleeper,14.4093,0
sleeper,23.2236,0
sleeper,21.801,0
sleeper,14.9008,0
sleeper,16.2868,0
sleeper,13.8089,0
sleeper,11.8193,0
sleeper,12.2086,0
sleeper,12.635,0
sleeper,10.549,0
sleeper,16.3964,0
sleeper,12.8424,0
sleeper,11.936,0
sleeper,14.5599,0
sleeper,22.7954,0
sleeper,15.6604,0
sleeper,14.1755,0
sleeper,10.9032,0
sleeper,17.1066,0
sleeper,13.559,0
sleeper,11.8996,0
sleeper,16.4501,0
sleeper,19.3863,0
sleeper,16.9662,0
sleeper,18.4114,0
sleeper,15.9216,0
sleeper,18.6709,0
sleeper,20.6274,0
sleeper,19.1257,0
sleeper,16.7477,0
sleeper,16.3038,0
sleeper,14.9225,0
sleeper,15.3118,0
sleeper,22.4254,0
sleeper,14.7841,0
sleeper,17.3565,0
sleeper,16.8466,0
sleeper,12.5541,0
sleeper,15.664,0
sleeper,21.3352,0
sleeper,12.2749,0
sleeper,15.913,0
sleeper,15.8823,0
sleeper,14.2312,0
sleeper,24.3399,0
sleeper,15.1966,0
sleeper,13.8511,0
sleeper,27.1044,0
sleeper,12.5066,0
sleeper,28.2195,0
sleeper,13.2401,0
sleeper,12.4432,0
sleeper,11.4118,0
sleeper,18.709,0
sleeper,14.7767,0
sleeper,12.9627,0
sleeper,16.1541,0
sleeper,15.584,0
sleeper,13.4354,0
sleeper,13.9691,0
sleeper,17.0114,0
sleeper,16.868,0
sleeper,15.6825,0
sleeper,13.7306,0
sleeper,14.2702,0
sleeper,19.0497,0
sleeper,12.6408,0
sleeper,13.9894,0
sleeper,17.7334,0
sleeper,14.2088,0
sleeper,15.1722,0
sleeper,12.9812,0
sleeper,13.6326,0
sleeper,24.8666,0
sleeper,11.9206,0
sleeper,18.7466,0
sleeper,25.4087,0
sleeper,14.5726,0
sleeper,15.4324,0
sleeper,15.6617,0
sleeper,18.6202,0
sleeper,13.5473,0
sleeper,16.2795,0
sleeper,18.488,0
sleeper,13.4448,0
sleeper,20.6963,0
sleeper,22.2229,0
sleeper,18.9729,0
sleeper,18.6082,0
sleeper,12.5353,0
sleeper,12.3331,0
sleeper,12.3233,0
sleeper,11.4511,0
sleeper,15.2677,0
sleeper,16.2232,0
sleeper,15.4674,0
sleeper,13.0596,0
sleeper,11.7742,0
sleeper,14.0257,0
sleeper,19.2024,0
sleeper,19.1195,0
sleeper,11.5993,0
sleeper,17.0502,0
sleeper,12.6315,0
sleeper,15.6854,0
sleeper,15.1786,0
sleeper,11.4391,0
sleeper,14.1529,0
sleeper,13.5448,0
sleeper,16.3584,0
sleeper,16.909,0
sleeper,17.3149,0
sleeper,15.5483,0
sleeper,12.6467,0
sleeper,14.1326,0
sleeper,13.8966,0
sleeper,20.5122,0
sleeper,11.7522,0
sleeper,17.1401,0
sleeper,13.651,0
sleeper,21.3509,0
sleeper,14.7531,0
sleeper,17.2575,0
sleeper,25.0731,0
sleeper,20.7134,0
sleeper,16.4556,0
sleeper,19.0638,0
sleeper,23.3901,0
sleeper,16.5172,0
sleeper,17.2175,0
sleeper,14.5763,0
sleeper,21.597,0
sleeper,20.2375,0
sleeper,14.4917,0
sleeper,14.0075,0
sleeper,16.1337,0
sleeper,17.7788,0
sleeper,17.2643,0
sleeper,15.4009,0
sleeper,23.8396,0
sleeper,13.9172,0
sleeper,22.6919,0
sleeper,14.5251,0
sleeper,15.8002,0
sleeper,23.3168,0
sleeper,15.6083,0
sleeper,12.4244,0
sleeper,11.6821,0
sleeper,12.2188,0
sleeper,14.6486,0
sleeper,13.6983,0
sleeper,15.0408,0
sleeper,12.9381,0
sleeper,14.82,0
sleeper,14.8094,0
sleeper,18.1888,0
sleeper,17.0906,0
sleeper,17.0735,0
sleeper,17.8767,0
sleeper,13.4527,0
sleeper,13.0155,0
sleeper,17.5197,0
sleeper,14.8116,0
sleeper,12.4065,0
sleeper,17.2441,0
sleeper,15.3099,0
sleeper,15.8595,0
sleeper,13.7286,0
sleeper,16.1314,0
sleeper,16.4961,0
sleeper,16.4601,0
sleeper,15.7055,0
sleeper,18.0307,0
sleeper,14.2707,0
sleeper,12.0257,0
sleeper,19.0928,0
sleeper,25.921,0
sleeper,15.4857,0
sleeper,23.6121,0
sleeper,13.476,0
sleeper,18.3205,0
sleeper,16.1104,0
sleeper,12.2157,0
sleeper,15.279,0
sleeper,15.5031,0
sleeper,17.1285,0
sleeper,20.4005,0
sleeper,18.0252,0
sleeper,16.5428,0
sleeper,14.0699,0
sleeper,18.1171,0
sleeper,25.1611,0
sleeper,14.4771,0
sleeper,11.4056,0
sleeper,22.324,0
sleeper,16.0319,0
sleeper,14.8852,0
sleeper,15.5177,0
sleeper,17.4455,0
sleeper,13.3896,0
sleeper,12.3892,0
sleeper,14.015,0
sleeper,13.0369,0
sleeper,14.652,0
sleeper,14.6974,0
sleeper,15.4955,0
sleeper,22.5917,0
sleeper,11.5864,0
sleeper,15.7351,0
sleeper,17.5269,0
sleeper,12.3451,0
sleeper,20.5014,0
sleeper,17.2245,0
sleeper,17.7436,0
sleeper,14.1163,0
sleeper,14.7979,0
sleeper,19.0765,0
sleeper,12.1348,0
sleeper,13.4987,0
sleeper,15.1692,0
sleeper,17.4845,0
sleeper,15.4557,0
sleeper,12.5355,0
sleeper,15.3259,0
sleeper,13.1173,0
sleeper,28.0311,0
sleeper,19.7064,0
sleeper,21.754,0
sleeper,18.9761,0
sleeper,22.5972,0
sleeper,18.8913,0
sleeper,15.8607,0
sleeper,15.6388,0
sleeper,12.4953,0
sleeper,11.7409,0
sleeper,18.6729,0
sleeper,13.6169,0
sleeper,14.9211,0
sleeper,24.1171,0
sleeper,16.1588,0
sleeper,23.6346,0
sleeper,14.221,0
sleeper,16.7887,0
sleeper,18.1677,0
sleeper,22.784,0
sleeper,13.2392,0
sleeper,17.5741,0
sleeper,13.0581,0
sleeper,14.413,0
sleeper,24.5252,0
sleeper,13.3673,0
sleeper,15.3163,0
sleeper,17.963,0
sleeper,16.0165,0
sleeper,18.6319,0
sleeper,13.6893,0
sleeper,12.8504,0
sleeper,18.1087,0
sleeper,16.5327,0
sleeper,15.213,0
sleeper,16.8559,0
sleeper,11.6883,0
sleeper,13.055,0
sleeper,14.8713,0
sleeper,14.3064,0
sleeper,12.9157,0
sleeper,17.2716,0
sleeper,27.4526,1
sleeper,26.5007,1
sleeper,30.8447,1
sleeper,30.8602,1
sleeper,28.2153,1
sleeper,28.5067,1
sleeper,31.8538,1
sleeper,56.9507,1
sleeper,25.6306,1
sleeper,31.9117,1
sleeper,31.6237,1
sleeper,32.7531,1
sleeper,30.3794,1
sleeper,32.2953,1
sleeper,34.124,1
sleeper,26.8714,1
sleeper,28.293,1
sleeper,28.8485,1
sleeper,25.8715,1
sleeper,32.3052,1
sleeper,33.4763,1
sleeper,33.9093,1
sleeper,33.6123,1
sleeper,32.2566,1
sleeper,29.0971,1
sleeper,36.6581,1
sleeper,27.0697,1
sleeper,30.2738,1
sleeper,32.5033,1
sleeper,32.1526,1
sleeper,35.9195,1
sleeper,29.7455,1
sleeper,28.8326,1
sleeper,34.0485,1
sleeper,26.5891,1
sleeper,30.8775,1
sleeper,34.7743,1
sleeper,27.3165,1
sleeper,33.0746,1
sleeper,31.7461,1
sleeper,30.3801,1
sleeper,25.9447,1
sleeper,32.1264,1
sleeper,33.8563,1
sleeper,32.3497,1
sleeper,29.6082,1
sleeper,31.3313,1
sleeper,33.4687,1
sleeper,34.3525,1
sleeper,30.4402,1
sleeper,30.3133,1
sleeper,27.0252,1
sleeper,28.1313,1
sleeper,30.4705,1
sleeper,30.8525,1
sleeper,30.3204,1
sleeper,27.1174,1
sleeper,32.6315,1
sleeper,30.85,1
sleeper,32.7042,1
sleeper,30.5911,1
sleeper,33.0519,1
sleeper,28.6676,1
sleeper,31.5058,1
sleeper,28.7398,1
sleeper,36.9365,1
sleeper,32.5457,1
sleeper,31.7767,1
sleeper,27.5709,1
sleeper,32.2762,1
sleeper,30.7967,1
sleeper,28.6618,1
sleeper,30.9809,1
sleeper,29.8245,1
sleeper,30.5934,1
sleeper,31.01,1
sleeper,29.7294,1
sleeper,31.6539,1
sleeper,27.083,1
sleeper,29.0092,1
sleeper,30.072,1
sleeper,25.0274,1
sleeper,31.3171,1
sleeper,27.2828,1
sleeper,25.918,1
sleeper,37.6835,1
sleeper,30.1988,1
sleeper,26.3512,1
sleeper,33.4996,1
sleeper,28.2804,1
sleeper,29.3334,1
sleeper,27.8041,1
sleeper,27.7993,1
sleeper,30.6806,1
sleeper,28.0146,1
sleeper,32.6144,1
sleeper,30.5909,1
sleeper,31.9455,1
sleeper,34.9888,1
sleeper,29.2253,1
sleeper,28.5934,1
sleeper,32.5664,1
sleeper,30.1063,1
sleeper,28.9639,1
sleeper,32.6874,1
sleeper,28.8481,1
sleeper,33.0362,1
sleeper,33.3641,1
sleeper,38.5897,1
sleeper,29.5673,1
sleeper,32.6383,1
sleeper,31.1806,1
sleeper,30.3967,1
sleeper,31.95,1
sleeper,27.7484,1
sleeper,34.3599,1
sleeper,32.6937,1
sleeper,29.8263,1
sleeper,29.9086,1
sleeper,31.4492,1
sleeper,32.8483,1
sleeper,36.7446,1
sleeper,28.5702,1
sleeper,31.3204,1
sleeper,28.3449,1
sleeper,31.787,1
sleeper,29.0972,1
sleeper,27.538,1
sleeper,34.0502,1
sleeper,30.5205,1
sleeper,29.439,1
sleeper,29.6206,1
sleeper,28.582,1
sleeper,36.4551,1
sleeper,27.6868,1
sleeper,28.5341,1
sleeper,27.6943,1
sleeper,29.242,1
sleeper,31.4946,1
sleeper,27.8485,1
sleeper,28.4447,1
sleeper,42.0399,1
sleeper,30.9024,1
sleeper,29.0254,1
sleeper,31.8251,1
sleeper,33.0995,1
sleeper,28.3706,1
sleeper,27.7037,1
sleeper,34.1153,1
sleeper,34.8223,1
sleeper,31.9713,1
sleeper,29.0483,1
sleeper,29.701,1
sleeper,32.444,1
sleeper,31.3941,1
sleeper,34.6282,1
sleeper,32.3582,1
sleeper,27.0405,1
sleeper,34.7137,1
sleeper,30.3529,1
sleeper,35.2567,1
sleeper,32.088,1
sleeper,31.5661,1
sleeper,34.8899,1
sleeper,33.386,1
sleeper,30.9074,1
sleeper,28.1102,1
sleeper,32.012,1
sleeper,27.1558,1
sleeper,38.4751,1
sleeper,32.1375,1
sleeper,30.1992,1
sleeper,29.724,1
sleeper,31.779,1
sleeper,31.5658,1
sleeper,27.5257,1
sleeper,32.1259,1
sleeper,33.1532,1
sleeper,35.5783,1
sleeper,28.671,1
sleeper,27.679,1
sleeper,32.7386,1
sleeper,27.7715,1
sleeper,31.1336,1
sleeper,26.6823,1
sleeper,33.9811,1
sleeper,33.928,1
sleeper,31.8857,1
sleeper,27.3053,1
sleeper,32.3682,1
sleeper,29.753,1
sleeper,28.4134,1
sleeper,33.4615,1
sleeper,26.9344,1
sleeper,30.6339,1
sleeper,34.4549,1
sleeper,28.5336,1
sleeper,27.5612,1
sleeper,31.6237,1
sleeper,35.2879,1
sleeper,31.0922,1
sleeper,33.3745,1
sleeper,27.4056,1
sleeper,31.9205,1
sleeper,26.8503,1
sleeper,31.9947,1
sleeper,27.0055,1
sleeper,28.141,1
sleeper,28.8467,1
sleeper,27.4839,1
sleeper,30.1519,1
sleeper,35.2868,1
sleeper,28.4813,1
sleeper,27.3486,1
sleeper,30.3083,1
sleeper,27.8408,1
sleeper,27.1666,1
sleeper,30.3392,1
sleeper,34.3098,1
sleeper,26.9901,1
sleeper,31.0496,1
sleeper,28.6066,1
sleeper,28.6032,1
sleeper,29.9809,1
sleeper,42.6449,1
sleeper,30.9842,1
sleeper,26.5088,1
sleeper,28.5412,1
sleeper,30.8314,1
sleeper,31.6024,1
sleeper,24.3567,1
sleeper,28.9093,1
sleeper,27.8068,1
sleeper,32.1605,1
sleeper,26.6931,1
sleeper,27.7093,1
sleeper,30.225,1
sleeper,29.0537,1
sleeper,30.9844,1
sleeper,30.0074,1
sleeper,28.4867,1
sleeper,29.8299,1
sleeper,32.0897,1
sleeper,33.3696,1
sleeper,29.9684,1
sleeper,30.5232,1
sleeper,28.1442,1
sleeper,30.9692,1
sleeper,27.8553,1
sleeper,24.5077,1
sleeper,33.3812,1
sleeper,28.0079,1
sleeper,29.5163,1
sleeper,36.3956,1
sleeper,33.873,1
sleeper,28.6699,1
sleeper,30.3443,1
sleeper,31.5659,1
sleeper,27.1807,1
sleeper,31.5546,1
sleeper,33.4071,1
sleeper,28.5439,1
sleeper,31.487,1
sleeper,39.1147,1
sleeper,28.8941,1
sleeper,32.5468,1
sleeper,33.3807,1
sleeper,30.8501,1
sleeper,30.2616,1
sleeper,33.0772,1
sleeper,30.0002,1
sleeper,28.7344,1
sleeper,29.5702,1
sleeper,29.0306,1
sleeper,32.9258,1
sleeper,30.2714,1
sleeper,36.5835,1
sleeper,28.7506,1
sleeper,28.0425,1
sleeper,33.7115,1
sleeper,28.2402,1
sleeper,28.4167,1
sleeper,34.815,1
sleeper,30.436,1
sleeper,27.791,1
sleeper,33.4716,1
sleeper,29.549,1
sleeper,28.6266,1
sleeper,29.8441,1
sleeper,27.526,1
sleeper,29.3811,1
sleeper,27.9353,1
sleeper,31.9953,1
sleeper,29.0689,1
sleeper,30.2124,1
sleeper,28.7871,1
sleeper,29.8719,1
sleeper,35.914,1
sleeper,30.9593,1
sleeper,30.6562,1
sleeper,33.9176,1
sleeper,33.458,1
sleeper,30.5608,1
sleeper,28.9134,1
sleeper,25.6682,1
sleeper,26.9615,1
sleeper,28.3808,1
sleeper,31.9827,1
sleeper,29.8787,1
sleeper,30.5264,1
sleeper,31.3439,1
sleeper,28.707,1
sleeper,34.2566,1
sleeper,25.5594,1
sleeper,32.5645,1
sleeper,31.7175,1
sleeper,30.7643,1
sleeper,27.7084,1
sleeper,30.8569,1
sleeper,29.8051,1
sleeper,29.6637,1
sleeper,29.0569,1
sleeper,32.9369,1
sleeper,30.5574,1
sleeper,37.7678,1
sleeper,29.974,1
sleeper,31.3088,1
sleeper,29.5196,1
sleeper,31.6722,1
sleeper,33.5697,1
sleeper,30.7549,1
sleeper,28.5413,1
sleeper,31.4839,1
sleeper,28.8758,1
sleeper,28.0117,1
sleeper,28.633,1
sleeper,32.9527,1
sleeper,34.2292,1
sleeper,27.9342,1
sleeper,26.906,1
sleeper,29.2055,1
sleeper,30.622,1
sleeper,29.4485,1
sleeper,31.0882,1
sleeper,35.294,1
sleeper,36.5343,1
sleeper,29.3757,1
sleeper,32.5729,1
sleeper,31.9449,1
sleeper,28.5252,1
sleeper,25.1476,1
sleeper,25.3506,1
sleeper,36.1594,1
sleeper,33.486,1
sleeper,28.6768,1
sleeper,25.8021,1
sleeper,27.3508,1
sleeper,28.5284,1
sleeper,28.1788,1
sleeper,30.9725,1
sleeper,32.8723,1
sleeper,31.2411,1
sleeper,28.3784,1
sleeper,30.2897,1
sleeper,27.1269,1
sleeper,28.9394,1
sleeper,30.9755,1
sleeper,36.1015,1
sleeper,27.6837,1
sleeper,27.4937,1
sleeper,29.4032,1
sleeper,29.8822,1
sleeper,33.1774,1
sleeper,29.7087,1
sleeper,32.2687,1
sleeper,25.8697,1
sleeper,33.192,1
sleeper,28.4532,1
sleeper,30.4969,1
sleeper,28.5711,1
sleeper,25.6862,1
sleeper,30.8686,1
sleeper,29.1929,1
sleeper,27.5763,1
sleeper,31.6896,1
sleeper,33.9312,1
sleeper,29.0133,1
sleeper,27.2641,1
sleeper,29.1378,1
sleeper,31.1076,1
sleeper,34.9392,1
sleeper,26.1974,1
sleeper,31.2121,1
sleeper,29.7977,1
sleeper,29.8016,1
sleeper,29.8381,1
sleeper,29.7585,1
sleeper,30.4979,1
sleeper,42.8506,1
sleeper,27.3475,1
